timestamp,value1,value2,value3,value4,value5

23rd February 2020,&#x1f602,&#x1f60d,&#x1f634,&#x1f618,&#x1f4a9

22nd February 2020,&#x1f602,&#x1f609,&#x1f618,&#x1f911,&#x1f643

21st February 2020,&#x1f60d,&#x1f427,&#x1f604,&#x1f435,&#x1f632

20th February 2020,&#x1f60a,&#x1f609,&#x1f618,&#x1f61c,&#x1f914

19th February 2020,&#x1f47b,&#x1f61c,&#x1f60d,&#x1f47d,&#x1f3f3&#x1f308

18th February 2020,&#x1f602,&#x1f60d,u2764,&#x1f62b,&#x1f618

17th February 2020,&#x1f60d,&#x1f914,&#x1f60a,&#x1f618,&#x1f604

16th February 2020,&#x1f600,&#x1f60d,&#x1f60c,&#x1f61b,&#x1f605

15th February 2020,&#x1f911,&#x1f60a,&#x1f64f,&#x1f914,&#x1f917

14th February 2020,&#x1f4a9,&#x1f425,&#x1f417,&#x1f412,&#x1f98a

13th February 2020,&#x1f618,&#x1f61c,&#x1f60a,&#x1f431,u2764

12th February 2020,&#x1f618,&#x1f913,&#x1f911,&#x1f914,&#x1f61c

11th February 2020,&#x1f60d,&#x1f602,&#x1f609,&#x1f61c,&#x1f64f

10th February 2020,&#x1f60d,&#x1f608,&#x1f4a9,&#x1f47b,&#x1f624

9th February 2020,&#x1f602,&#x1f355,&#x1f988,&#x1f427,&#x1f595

8th February 2020,&#x1f913,&#x1f480,&#x1f431,&#x1f984,&#x1f344

7th February 2020,&#x1f61c,&#x1f60e,&#x1f914,&#x1f606,&#x1f60b

6th February 2020,&#x1f607,&#x1f60a,&#x1f431,&#x1f61c,&#x1f618

5th February 2020,&#x1f602,&#x1f60e,&#x1f917,&#x1f911,&#x1f436

4th February 2020,u2665,&#x1f633,&#x1f600,&#x1f61d,&#x1f606

3rd February 2020,&#x1f431,&#x1f353,&#x1f942,&#x1f352,&#x1f54a

2nd February 2020,&#x1f600,&#x1f642,&#x1f60a,&#x1f913,&#x1f914

1st February 2020,&#x1f4a9,&#x1f60b,&#x1f60d,&#x1f914,&#x1f609

31st January 2020,&#x1f60d,&#x1f60a,&#x1f618,&#x1f60b,&#x1f609

30th January 2020,&#x1f914,&#x1f607,&#x1f61c,&#x1f60d,&#x1f604

29th January 2020,&#x1f600,&#x1f601,&#x1f606,&#x1f607,&#x1f609

28th January 2020,&#x1f449,&#x1f480,&#x1f595,&#x1f480,&#x1f448

27th January 2020,&#x1f54a,&#x1f421,&#x1f405,&#x1f525,&#x1f340

26th January 2020,&#x1f60d,&#x1f444,u2764,&#x1f308,&#x1f618

25th January 2020,&#x1f436,&#x1f437,&#x1f426,&#x1f428,&#x1f984

24th January 2020,&#x1f61c,&#x1f34d,u2665,&#x1f643,&#x1f607

23rd January 2020,&#x1f911,&#x1f913,&#x1f607,&#x1f617,&#x1f60e

22nd January 2020,&#x1f642,&#x1f643,&#x1f642,&#x1f642,&#x1f643

21st January 2020,&#x1f917,&#x1f436,&#x1f4a9,&#x1f407,&#x1f495

20th January 2020,&#x1f61d,&#x1f913,&#x1f917,&#x1f60a,&#x1f604

19th January 2020,&#x1f47b,&#x1f602,&#x1f61c,&#x1f60d,&#x1f917

18th January 2020,&#x1f913,&#x1f98b,&#x1f444,&#x1f336,&#x1f630

17th January 2020,&#x1f60d,&#x1f60a,&#x1f618,&#x1f61c,&#x1f914

16th January 2020,&#x1f416,&#x1f63a,&#x1f453,&#x1f41b,&#x1f400

15th January 2020,&#x1f618,&#x1f914,&#x1f407,&#x1f428,&#x1f495

14th January 2020,&#x1f408,&#x1f31f,&#x1f3f3&#x1f308,&#x1f431,&#x1f427

13th January 2020,&#x1f44a,&#x1f618,&#x1f917,&#x1f913,&#x1f609

12th January 2020,&#x1f602,&#x1f603,&#x1f609,&#x1f60b,&#x1f606

11th January 2020,&#x1f914,&#x1f643,&#x1f636,&#x1f613,&#x1f447

10th January 2020,&#x1f606,&#x1f609,&#x1f917,&#x1f643,&#x1f914

9th January 2020,&#x1f606,&#x1f60b,&#x1f643,&#x1f61c,&#x1f914

8th January 2020,&#x1f602,&#x1f603,&#x1f61c,&#x1f617,&#x1f914

7th January 2020,&#x1f60e,&#x1f493,&#x1f602,&#x1f60d,&#x1f435

6th January 2020,&#x1f911,&#x1f60a,&#x1f606,&#x1f60b,&#x1f607

5th January 2020,&#x1f61c,&#x1f44a,&#x1f616,&#x1f353,&#x1f428

4th January 2020,&#x1f636,&#x1f642,&#x1f914,&#x1f603,&#x1f60e

3rd January 2020,&#x1f47b,&#x1f437,&#x1f416,&#x1f915,&#x1f426

2nd January 2020,&#x1f911,&#x1f618,&#x1f917,&#x1f914,&#x1f624

1st January 2020,&#x1f602,&#x1f618,&#x1f407,&#x1f460,&#x1f41d

31st December 2019,&#x1f60a,&#x1f914,&#x1f60e,&#x1f911,&#x1f60d

30th December 2019,&#x1f3a7,&#x1f4a4,&#x1f4fc,&#x1f415,&#x1f913

29th December 2019,&#x1f914,&#x1f601,&#x1f606,&#x1f911,&#x1f913

28th December 2019,&#x1f60d,&#x1f601,&#x1f60e,&#x1f642,&#x1f61d

27th December 2019,&#x1f602,&#x1f60a,&#x1f60d,&#x1f913,&#x1f61c

26th December 2019,&#x1f602,&#x1f60a,&#x1f607,&#x1f642,&#x1f60e

25th December 2019,&#x1f608,&#x1f448,&#x1f430,&#x1f441,&#x1f426

24th December 2019,&#x1f436,&#x1f418,&#x1f355,&#x1f61b,&#x1f606

23rd December 2019,&#x1f643,&#x1f61c,&#x1f619,&#x1f636,&#x1f602

22nd December 2019,&#x1f917,&#x1f430,&#x1f415,&#x1f353,u2764

21st December 2019,&#x1f913,&#x1f60e,&#x1f628,&#x1f436,&#x1f405

20th December 2019,&#x1f61c,&#x1f618,&#x1f608,&#x1f60a,&#x1f644

19th December 2019,&#x1f60d,&#x1f618,&#x1f601,&#x1f643,&#x1f60b

18th December 2019,&#x1f60d,&#x1f618,&#x1f643,&#x1f602,&#x1f917

17th December 2019,&#x1f600,&#x1f603,&#x1f618,&#x1f619,&#x1f917

16th December 2019,&#x1f643,&#x1f60d,&#x1f607,&#x1f600,&#x1f618

15th December 2019,&#x1f911,&#x1f60d,&#x1f600,&#x1f596,&#x1f340

14th December 2019,&#x1f47b,&#x1f642,&#x1f389,&#x1f618,&#x1f431

13th December 2019,&#x1f602,&#x1f60d,&#x1f4a9,&#x1f911,&#x1f61d

12th December 2019,&#x1f633,&#x1f635,&#x1f438,&#x1f31e,&#x1f336

11th December 2019,&#x1f917,&#x1f61c,&#x1f60b,&#x1f607,&#x1f911

10th December 2019,&#x1f917,&#x1f60d,&#x1f914,&#x1f911,&#x1f595

9th December 2019,&#x1f618,&#x1f61c,&#x1f602,&#x1f609,&#x1f60d

8th December 2019,&#x1f60a,&#x1f60d,&#x1f607,&#x1f604,&#x1f60a

7th December 2019,&#x1f618,&#x1f60a,&#x1f914,&#x1f60e,&#x1f427

6th December 2019,&#x1f913,&#x1f608,&#x1f47b,&#x1f431,&#x1f43c

5th December 2019,&#x1f60d,&#x1f602,&#x1f609,&#x1f618,&#x1f619

4th December 2019,&#x1f911,&#x1f617,&#x1f618,&#x1f607,&#x1f60b

3rd December 2019,&#x1f60d,&#x1f635,&#x1f61c,&#x1f60a,&#x1f419

2nd December 2019,&#x1f60d,&#x1f602,&#x1f607,&#x1f436,&#x1f606

1st December 2019,&#x1f61a,&#x1f436,&#x1f61c,&#x1f389,&#x1f353

30th November 2019,&#x1f60d,&#x1f91e,&#x1f47b,&#x1f984,&#x1f369

29th November 2019,&#x1f914,&#x1f636,&#x1f61d,&#x1f617,&#x1f643

28th November 2019,&#x1f984,&#x1f913,&#x1f3f3&#x1f308,&#x1f61d,&#x1f426

27th November 2019,&#x1f607,&#x1f60d,&#x1f61c,&#x1f913,&#x1f914

26th November 2019,&#x1f60d,&#x1f61c,&#x1f618,&#x1f61d,&#x1f60b

25th November 2019,&#x1f31c,&#x1f6f0,&#x1f631,&#x1f32d,&#x1f433

24th November 2019,&#x1f60d,&#x1f61c,&#x1f618,&#x1f407,&#x1f415

23rd November 2019,&#x1f607,&#x1f602,&#x1f643,&#x1f617,&#x1f917

22nd November 2019,&#x1f618,&#x1f602,&#x1f60a,&#x1f61d,&#x1f911

21st November 2019,&#x1f4a9,&#x1f431,&#x1f984,&#x1f351,&#x1f346

20th November 2019,&#x1f914,&#x1f47b,&#x1f419,&#x1f438,&#x1f988

19th November 2019,&#x1f600,&#x1f601,&#x1f642,&#x1f60e,&#x1f914

18th November 2019,&#x1f61c,&#x1f60d,&#x1f422,&#x1f353,&#x1f4b7

17th November 2019,&#x1f601,&#x1f607,&#x1f60d,&#x1f917,&#x1f60e

16th November 2019,&#x1f600,&#x1f911,&#x1f60e,&#x1f618,&#x1f61d

15th November 2019,&#x1f600,&#x1f61c,&#x1f60d,&#x1f60e,&#x1f47b

14th November 2019,&#x1f600,&#x1f412,&#x1f340,&#x1f353,&#x1f48e

13th November 2019,&#x1f600,&#x1f60d,&#x1f601,&#x1f609,&#x1f917

12th November 2019,&#x1f609,&#x1f60e,&#x1f60d,&#x1f607,&#x1f914

11th November 2019,&#x1f642,&#x1f607,&#x1f609,&#x1f60d,&#x1f914

10th November 2019,&#x1f60d,&#x1f917,&#x1f4a9,&#x1f427,&#x1f425

9th November 2019,&#x1f618,&#x1f34d,&#x1f61d,&#x1f389,&#x1f601

8th November 2019,&#x1f607,&#x1f608,&#x1f308,&#x1f60f,u2665

7th November 2019,&#x1f344,&#x1f60b,&#x1f47b,&#x1f431,&#x1f409

6th November 2019,&#x1f911,&#x1f60d,&#x1f643,&#x1f917,&#x1f61c

5th November 2019,&#x1f61c,&#x1f917,&#x1f911,&#x1f60d,&#x1f914

4th November 2019,&#x1f601,&#x1f609,&#x1f618,&#x1f60d,&#x1f61d

3rd November 2019,&#x1f917,&#x1f911,&#x1f914,&#x1f911,&#x1f917

2nd November 2019,&#x1f60a,&#x1f60d,&#x1f643,&#x1f642,&#x1f60e

1st November 2019,&#x1f61c,&#x1f618,&#x1f60d,&#x1f911,&#x1f60e

31st October 2019,&#x1f606,&#x1f618,&#x1f913,&#x1f60b,&#x1f911

30th October 2019,&#x1f609,&#x1f60e,&#x1f917,&#x1f60b,&#x1f608

29th October 2019,&#x1f602,&#x1f61c,&#x1f914,&#x1f4a9,&#x1f44d

28th October 2019,&#x1f60f,&#x1f411,&#x1f429,&#x1f437,&#x1f917

27th October 2019,&#x1f600,&#x1f914,&#x1f61c,&#x1f60a,&#x1f603

26th October 2019,&#x1f47d,&#x1f915,&#x1f43c,&#x1f4a9,&#x1f344

25th October 2019,&#x1f642,&#x1f606,&#x1f609,&#x1f4a9,&#x1f608

24th October 2019,&#x1f917,&#x1f618,&#x1f942,&#x1f64f,&#x1f984

23rd October 2019,&#x1f340,&#x1f431,&#x1f31e,&#x1f495,&#x1f595

22nd October 2019,&#x1f600,&#x1f601,&#x1f438,&#x1f340,&#x1f351

21st October 2019,&#x1f60d,&#x1f61c,&#x1f618,&#x1f602,&#x1f911

20th October 2019,&#x1f61d,&#x1f60b,&#x1f915,&#x1f595,&#x1f435

19th October 2019,&#x1f600,&#x1f607,&#x1f618,&#x1f61c,&#x1f914

18th October 2019,&#x1f913,&#x1f61c,&#x1f642,&#x1f60a,&#x1f61d

17th October 2019,&#x1f61c,&#x1f911,&#x1f60d,&#x1f917,&#x1f60a

16th October 2019,&#x1f607,&#x1f608,&#x1f984,&#x1f415,&#x1f4af

15th October 2019,&#x1f61c,&#x1f60d,&#x1f607,&#x1f601,&#x1f60a

14th October 2019,&#x1f602,&#x1f914,&#x1f984,&#x1f54a,&#x1f420

13th October 2019,&#x1f913,&#x1f643,&#x1f914,&#x1f60d,&#x1f607

12th October 2019,&#x1f911,&#x1f609,&#x1f636,&#x1f601,&#x1f431

11th October 2019,&#x1f602,&#x1f431,&#x1f405,&#x1f401,&#x1f609

10th October 2019,&#x1f917,&#x1f60d,&#x1f61d,&#x1f642,&#x1f616

9th October 2019,&#x1f60d,&#x1f618,&#x1f60a,&#x1f61c,&#x1f61d

8th October 2019,&#x1f60d,&#x1f917,u2764,&#x1f911,&#x1f64f

7th October 2019,&#x1f602,&#x1f618,&#x1f47d,&#x1f525,&#x1f369

6th October 2019,&#x1f601,&#x1f643,&#x1f914,&#x1f60e,&#x1f618

5th October 2019,&#x1f917,&#x1f606,&#x1f607,&#x1f60d,&#x1f911

4th October 2019,&#x1f602,&#x1f618,&#x1f60e,&#x1f61c,&#x1f4a9

3rd October 2019,&#x1f984,&#x1f352,u2665,&#x1f98b,&#x1f988

2nd October 2019,&#x1f60d,&#x1f60e,&#x1f606,&#x1f913,&#x1f917

1st October 2019,&#x1f607,u2744,&#x1f917,&#x1f618,&#x1f91e

30th September 2019,&#x1f60d,&#x1f602,&#x1f917,&#x1f607,&#x1f436

29th September 2019,&#x1f60e,&#x1f609,&#x1f643,&#x1f60d,&#x1f61d

28th September 2019,&#x1f426,&#x1f607,&#x1f984,&#x1f480,&#x1f618

27th September 2019,&#x1f913,&#x1f60d,&#x1f917,&#x1f609,&#x1f61c

26th September 2019,&#x1f607,&#x1f911,&#x1f617,&#x1f608,&#x1f634

25th September 2019,&#x1f600,&#x1f60d,&#x1f421,&#x1f618,&#x1f619

24th September 2019,&#x1f409,&#x1f354,&#x1f984,&#x1f47d,&#x1f60e

23rd September 2019,&#x1f3f3&#x1f308,u2660,&#x1f60d,u2660,&#x1f3f3&#x1f308

22nd September 2019,u2666,&#x1f349,&#x1f333,&#x1f441,&#x1f4a9

21st September 2019,&#x1f61c,&#x1f914,&#x1f913,&#x1f911,&#x1f60e

20th September 2019,&#x1f60d,&#x1f608,&#x1f525,u2660,&#x1f480

19th September 2019,&#x1f609,&#x1f642,&#x1f913,&#x1f31e,&#x1f434

18th September 2019,&#x1f911,&#x1f60e,&#x1f603,&#x1f604,&#x1f606

17th September 2019,&#x1f60a,&#x1f437,&#x1f984,&#x1f429,&#x1f416

16th September 2019,&#x1f917,&#x1f61c,&#x1f60d,&#x1f3f3&#x1f308,&#x1f98b

15th September 2019,&#x1f363,u270b,&#x1f459,u2728,&#x1f3bf

14th September 2019,&#x1f98a,&#x1f389,&#x1f631,&#x1f64f,&#x1f601

13th September 2019,&#x1f60d,&#x1f607,&#x1f60e,&#x1f61c,&#x1f643

12th September 2019,&#x1f917,&#x1f60d,&#x1f618,&#x1f984,&#x1f602

11th September 2019,&#x1f47d,&#x1f4a9,&#x1f60a,&#x1f60d,&#x1f984

10th September 2019,&#x1f60d,u2764,&#x1f98b,&#x1f412,&#x1f4a9

9th September 2019,&#x1f60d,&#x1f61d,&#x1f602,&#x1f340,&#x1f31c

8th September 2019,&#x1f913,&#x1f4a9,&#x1f427,u2600,&#x1f495

7th September 2019,&#x1f60d,u2764,&#x1f4a9,&#x1f61a,&#x1f48e

6th September 2019,&#x1f913,&#x1f914,&#x1f61c,&#x1f601,&#x1f643

5th September 2019,&#x1f600,&#x1f607,&#x1f618,&#x1f602,&#x1f604

4th September 2019,&#x1f47b,&#x1f438,&#x1f439,&#x1f412,&#x1f428

3rd September 2019,&#x1f914,&#x1f4a9,&#x1f426,&#x1f41b,&#x1f33b

2nd September 2019,&#x1f60a,&#x1f609,&#x1f619,&#x1f643,&#x1f604

1st September 2019,&#x1f495,&#x1f351,&#x1f354,&#x1f355,&#x1f48e

31st August 2019,&#x1f60d,&#x1f618,&#x1f60b,&#x1f61c,&#x1f595

30th August 2019,&#x1f984,&#x1f308,&#x1f60e,&#x1f607,&#x1f608

29th August 2019,&#x1f917,&#x1f60a,&#x1f618,&#x1f60d,&#x1f911

28th August 2019,&#x1f60a,&#x1f61c,&#x1f618,&#x1f436,&#x1f427

27th August 2019,&#x1f917,&#x1f642,&#x1f60d,&#x1f914,&#x1f618

26th August 2019,&#x1f60a,&#x1f917,&#x1f61c,&#x1f609,&#x1f913

25th August 2019,&#x1f607,&#x1f425,&#x1f369,&#x1f415,&#x1f420

24th August 2019,&#x1f60d,&#x1f600,&#x1f618,&#x1f917,&#x1f602

23rd August 2019,&#x1f60a,&#x1f98b,&#x1f353,&#x1f4a9,u2764

22nd August 2019,&#x1f60e,&#x1f4a9,&#x1f436,&#x1f418,&#x1f404

21st August 2019,&#x1f600,&#x1f643,&#x1f60a,&#x1f636,&#x1f917

20th August 2019,&#x1f602,&#x1f603,&#x1f643,&#x1f60d,&#x1f61c

19th August 2019,&#x1f602,&#x1f61c,&#x1f61d,&#x1f607,&#x1f60d

18th August 2019,&#x1f643,&#x1f4af,&#x1f917,&#x1f60d,&#x1f619

17th August 2019,&#x1f431,&#x1f427,&#x1f64f,&#x1f911,&#x1f469

16th August 2019,&#x1f618,&#x1f917,&#x1f643,&#x1f606,&#x1f606

15th August 2019,&#x1f607,&#x1f60a,&#x1f60e,&#x1f917,&#x1f913

14th August 2019,&#x1f607,&#x1f911,&#x1f601,&#x1f60d,&#x1f917

13th August 2019,&#x1f911,&#x1f913,&#x1f642,&#x1f609,&#x1f60b

12th August 2019,&#x1f61c,&#x1f618,&#x1f60e,&#x1f911,&#x1f917

11th August 2019,&#x1f427,&#x1f431,&#x1f61b,&#x1f600,&#x1f425

10th August 2019,&#x1f600,&#x1f603,&#x1f618,&#x1f60a,&#x1f642

9th August 2019,&#x1f373,&#x1f31a,&#x1f335,&#x1f62c,&#x1f422

8th August 2019,&#x1f60d,&#x1f61c,&#x1f602,&#x1f917,&#x1f60b

7th August 2019,&#x1f914,&#x1f525,u2665,u2744,&#x1f418

6th August 2019,&#x1f600,&#x1f60d,&#x1f917,&#x1f914,&#x1f606

5th August 2019,&#x1f911,&#x1f60d,&#x1f913,&#x1f60e,&#x1f602

4th August 2019,&#x1f911,&#x1f60d,&#x1f607,&#x1f61d,&#x1f600

3rd August 2019,&#x1f607,&#x1f60d,&#x1f608,&#x1f480,&#x1f60a

2nd August 2019,&#x1f60e,&#x1f61c,&#x1f914,&#x1f60d,&#x1f607

1st August 2019,&#x1f913,&#x1f60e,&#x1f917,&#x1f607,&#x1f602

31st July 2019,&#x1f60e,&#x1f60d,&#x1f60b,&#x1f607,&#x1f600

30th July 2019,&#x1f911,&#x1f60d,&#x1f917,&#x1f436,&#x1f415

29th July 2019,&#x1f608,&#x1f60e,&#x1f624,&#x1f438,&#x1f409

28th July 2019,&#x1f917,&#x1f911,&#x1f984,&#x1f445,&#x1f624

27th July 2019,&#x1f60d,&#x1f618,&#x1f445,&#x1f498,&#x1f4af

26th July 2019,&#x1f98b,&#x1f354,&#x1f35f,&#x1f388,&#x1f405

25th July 2019,&#x1f61c,&#x1f60d,&#x1f61d,&#x1f60b,&#x1f602

24th July 2019,&#x1f600,&#x1f602,&#x1f618,&#x1f606,&#x1f642

23rd July 2019,&#x1f60d,&#x1f616,&#x1f419,&#x1f421,&#x1f3f3&#x1f308

22nd July 2019,&#x1f914,&#x1f616,&#x1f60a,&#x1f642,&#x1f60e

21st July 2019,&#x1f600,&#x1f618,&#x1f911,&#x1f917,&#x1f602

20th July 2019,&#x1f911,&#x1f619,&#x1f61c,&#x1f61d,&#x1f349

19th July 2019,&#x1f60e,&#x1f607,&#x1f60a,&#x1f60d,&#x1f425

18th July 2019,&#x1f91e,&#x1f37e,&#x1f3b7,&#x1f340,&#x1f389

17th July 2019,&#x1f623,&#x1f633,&#x1f616,&#x1f624,&#x1f631

16th July 2019,&#x1f4a9,&#x1f601,&#x1f642,&#x1f60e,&#x1f914

15th July 2019,&#x1f61b,&#x1f62c,&#x1f605,u263a,&#x1f91e

14th July 2019,&#x1f917,&#x1f914,&#x1f47b,&#x1f607,&#x1f419

13th July 2019,&#x1f618,&#x1f602,&#x1f34d,&#x1f60c,u2665

12th July 2019,&#x1f61c,&#x1f911,&#x1f917,&#x1f607,&#x1f606

11th July 2019,&#x1f917,&#x1f913,&#x1f984,&#x1f411,&#x1f4b0

10th July 2019,&#x1f600,&#x1f60a,&#x1f61c,&#x1f608,&#x1f438

9th July 2019,&#x1f434,&#x1f415,&#x1f344,&#x1f917,&#x1f450

8th July 2019,&#x1f60d,&#x1f60d,&#x1f911,&#x1f911,&#x1f60e

7th July 2019,&#x1f61c,&#x1f602,&#x1f60d,&#x1f60e,&#x1f4a9

6th July 2019,&#x1f602,&#x1f60d,&#x1f913,&#x1f643,&#x1f47b

5th July 2019,&#x1f602,&#x1f60e,&#x1f60d,&#x1f618,&#x1f4a9

4th July 2019,&#x1f602,&#x1f418,&#x1f60d,&#x1f984,&#x1f389

3rd July 2019,&#x1f60a,&#x1f643,&#x1f61c,&#x1f609,&#x1f60d

2nd July 2019,&#x1f602,&#x1f60d,&#x1f601,&#x1f600,&#x1f602

1st July 2019,&#x1f602,&#x1f607,&#x1f604,&#x1f60e,&#x1f60d

30th June 2019,&#x1f60d,&#x1f602,&#x1f617,&#x1f61c,&#x1f911

29th June 2019,&#x1f624,&#x1f917,&#x1f913,&#x1f61c,&#x1f911

28th June 2019,&#x1f618,&#x1f917,&#x1f911,&#x1f64f,&#x1f601

27th June 2019,&#x1f363,&#x1f984,&#x1f418,&#x1f344,&#x1f34d

26th June 2019,&#x1f377,&#x1f60e,&#x1f607,&#x1f439,&#x1f427

25th June 2019,&#x1f60d,&#x1f607,&#x1f618,&#x1f60b,&#x1f643

24th June 2019,&#x1f48e,&#x1f98a,&#x1f4af,&#x1f479,&#x1f480

23rd June 2019,&#x1f60a,&#x1f618,&#x1f61a,&#x1f942,&#x1f91e

22nd June 2019,&#x1f601,&#x1f64f,&#x1f60d,&#x1f602,&#x1f914

21st June 2019,&#x1f60d,&#x1f618,u2764,&#x1f493,u263a

20th June 2019,&#x1f913,&#x1f609,&#x1f642,&#x1f914,&#x1f607

19th June 2019,&#x1f60d,&#x1f635,&#x1f914,&#x1f624,&#x1f625

18th June 2019,&#x1f47b,&#x1f632,&#x1f915,&#x1f624,&#x1f434

17th June 2019,&#x1f60d,&#x1f60a,&#x1f917,&#x1f61c,&#x1f60a

16th June 2019,&#x1f984,&#x1f422,&#x1f60d,&#x1f602,&#x1f4a9

15th June 2019,&#x1f603,&#x1f618,&#x1f60a,&#x1f60d,&#x1f60b

14th June 2019,&#x1f911,&#x1f64f,u2744,&#x1f441,&#x1f600

13th June 2019,&#x1f596,&#x1f47d,&#x1f480,&#x1f47b,&#x1f420

12th June 2019,&#x1f60d,&#x1f609,u2764,&#x1f60e,&#x1f984

11th June 2019,&#x1f607,&#x1f618,&#x1f60e,&#x1f31e,&#x1f942

10th June 2019,&#x1f60d,&#x1f618,&#x1f911,&#x1f942,&#x1f495

9th June 2019,&#x1f601,&#x1f602,&#x1f604,&#x1f606,&#x1f60b

8th June 2019,&#x1f602,&#x1f609,&#x1f60e,&#x1f61c,&#x1f914

7th June 2019,&#x1f618,&#x1f984,&#x1f495,&#x1f942,&#x1f606

6th June 2019,&#x1f602,&#x1f609,&#x1f643,&#x1f914,&#x1f61d

5th June 2019,&#x1f911,&#x1f308,&#x1f98b,&#x1f4b7,&#x1f4b0

4th June 2019,&#x1f416,&#x1f355,&#x1f336,&#x1f369,&#x1f363

3rd June 2019,&#x1f431,&#x1f430,&#x1f389,&#x1f308,&#x1f60d

2nd June 2019,&#x1f602,&#x1f603,&#x1f60a,&#x1f618,&#x1f607

1st June 2019,&#x1f600,&#x1f917,&#x1f914,&#x1f47d,&#x1f47b

31st May 2019,&#x1f4b0,&#x1f60d,&#x1f911,&#x1f64f,&#x1f61c

30th May 2019,&#x1f602,&#x1f60d,&#x1f911,&#x1f60e,&#x1f617

29th May 2019,u2744,u2665,&#x1f308,&#x1f4b0,&#x1f333

28th May 2019,&#x1f415,&#x1f333,&#x1f31e,&#x1f60d,&#x1f917

27th May 2019,&#x1f60d,&#x1f60b,&#x1f913,&#x1f914,&#x1f60e

26th May 2019,&#x1f608,&#x1f438,&#x1f427,&#x1f913,&#x1f419

25th May 2019,&#x1f448,&#x1f446,&#x1f447,&#x1f450,&#x1f44a

24th May 2019,&#x1f60d,&#x1f618,&#x1f602,&#x1f61d,&#x1f4a9

23rd May 2019,&#x1f618,&#x1f642,&#x1f911,&#x1f600,&#x1f60d

22nd May 2019,&#x1f63a,&#x1f31c,&#x1f427,&#x1f608,&#x1f60d

21st May 2019,&#x1f600,&#x1f602,&#x1f61c,&#x1f911,&#x1f60e

20th May 2019,&#x1f61c,&#x1f602,&#x1f60d,&#x1f60e,&#x1f4a9

19th May 2019,&#x1f31f,&#x1f680,&#x1f410,&#x1f42c,u26f5

18th May 2019,&#x1f913,&#x1f60c,u2665,&#x1f4af,&#x1f605

17th May 2019,&#x1f640,&#x1f984,&#x1f608,&#x1f911,&#x1f4a9

16th May 2019,&#x1f600,&#x1f60b,&#x1f60d,&#x1f608,&#x1f984

15th May 2019,&#x1f911,&#x1f60e,&#x1f917,&#x1f914,&#x1f619

14th May 2019,&#x1f308,&#x1f98b,u2744,&#x1f409,&#x1f47b

13th May 2019,&#x1f618,&#x1f60d,&#x1f600,&#x1f61c,&#x1f914

12th May 2019,&#x1f60a,&#x1f60d,&#x1f917,&#x1f618,&#x1f98b

11th May 2019,&#x1f431,&#x1f4a4,&#x1f431,&#x1f4a4,&#x1f431

10th May 2019,&#x1f917,&#x1f602,&#x1f60e,&#x1f47b,&#x1f915

9th May 2019,&#x1f607,&#x1f64f,&#x1f984,&#x1f31e,&#x1f48e

8th May 2019,&#x1f911,&#x1f601,&#x1f618,&#x1f340,&#x1f31c

7th May 2019,&#x1f61a,&#x1f631,&#x1f911,&#x1f60e,&#x1f60d

6th May 2019,&#x1f911,&#x1f911,&#x1f911,&#x1f614,&#x1f615

5th May 2019,&#x1f64f,&#x1f450,&#x1f64f,&#x1f450,&#x1f64f

4th May 2019,&#x1f60d,&#x1f60a,&#x1f606,&#x1f60b,&#x1f61d

3rd May 2019,&#x1f601,&#x1f642,&#x1f617,&#x1f61c,&#x1f914

2nd May 2019,&#x1f617,&#x1f47d,&#x1f333,&#x1f354,&#x1f412

1st May 2019,&#x1f602,&#x1f60d,&#x1f64f,&#x1f61c,&#x1f431

30th April 2019,&#x1f917,&#x1f643,&#x1f630,&#x1f596,&#x1f984

29th April 2019,&#x1f355,&#x1f643,&#x1f913,&#x1f636,&#x1f43c

28th April 2019,&#x1f602,&#x1f606,&#x1f609,&#x1f911,&#x1f444

27th April 2019,&#x1f642,&#x1f600,&#x1f602,&#x1f911,&#x1f60d

26th April 2019,&#x1f984,&#x1f942,&#x1f91e,&#x1f64f,&#x1f911

25th April 2019,&#x1f619,&#x1f911,&#x1f913,&#x1f60e,&#x1f600

24th April 2019,&#x1f911,&#x1f607,&#x1f917,&#x1f61c,&#x1f643

23rd April 2019,&#x1f60d,&#x1f604,&#x1f60a,&#x1f642,&#x1f607

22nd April 2019,&#x1f61c,&#x1f617,&#x1f642,&#x1f601,&#x1f607

21st April 2019,&#x1f600,&#x1f602,&#x1f60d,&#x1f911,&#x1f913

20th April 2019,&#x1f601,&#x1f913,&#x1f609,&#x1f60d,&#x1f61c

19th April 2019,&#x1f60d,&#x1f61c,&#x1f602,&#x1f942,&#x1f605

18th April 2019,&#x1f600,&#x1f602,&#x1f60d,&#x1f61d,&#x1f911

17th April 2019,&#x1f61c,&#x1f602,&#x1f624,&#x1f60d,&#x1f917

16th April 2019,&#x1f911,&#x1f60e,&#x1f43c,&#x1f634,&#x1f607

15th April 2019,&#x1f911,&#x1f60d,&#x1f607,&#x1f911,&#x1f60d

14th April 2019,&#x1f600,&#x1f60d,&#x1f60a,&#x1f61d,&#x1f607

13th April 2019,&#x1f607,&#x1f618,&#x1f643,&#x1f917,&#x1f602

12th April 2019,&#x1f91e,&#x1f988,&#x1f98a,&#x1f98b,&#x1f62c

11th April 2019,&#x1f60d,&#x1f602,&#x1f61c,&#x1f60f,&#x1f495

10th April 2019,&#x1f60d,&#x1f602,&#x1f61c,&#x1f914,&#x1f4a9

9th April 2019,&#x1f32a,&#x1f333,&#x1f33b,&#x1f421,&#x1f31e

8th April 2019,&#x1f602,&#x1f61c,&#x1f606,&#x1f643,&#x1f60a

7th April 2019,&#x1f602,&#x1f60d,&#x1f60e,u2600,&#x1f60f

6th April 2019,&#x1f606,&#x1f607,&#x1f609,&#x1f60e,&#x1f917

5th April 2019,&#x1f602,&#x1f607,&#x1f60b,&#x1f618,&#x1f61c

4th April 2019,&#x1f60b,&#x1f618,&#x1f917,&#x1f602,&#x1f60e

3rd April 2019,&#x1f609,&#x1f61d,&#x1f60e,&#x1f495,&#x1f31e

2nd April 2019,&#x1f60b,&#x1f61c,&#x1f914,&#x1f619,&#x1f61d

1st April 2019,&#x1f602,&#x1f354,&#x1f42a,&#x1f36d,u26fa

31st March 2019,&#x1f917,&#x1f60e,&#x1f914,&#x1f636,&#x1f607

30th March 2019,&#x1f61c,&#x1f60a,&#x1f917,&#x1f914,&#x1f602

29th March 2019,&#x1f405,&#x1f353,&#x1f60d,&#x1f608,&#x1f431

28th March 2019,&#x1f606,&#x1f917,&#x1f618,&#x1f609,&#x1f61c

27th March 2019,&#x1f60e,&#x1f913,&#x1f604,&#x1f60d,&#x1f619

26th March 2019,&#x1f600,&#x1f618,&#x1f450,&#x1f427,&#x1f340

25th March 2019,&#x1f914,&#x1f917,&#x1f636,&#x1f619,&#x1f61c

24th March 2019,&#x1f602,&#x1f61c,&#x1f47b,&#x1f427,&#x1f405

23rd March 2019,&#x1f607,&#x1f438,&#x1f618,&#x1f917,&#x1f606

22nd March 2019,&#x1f642,&#x1f643,&#x1f60b,&#x1f636,&#x1f913

21st March 2019,&#x1f607,&#x1f602,&#x1f618,&#x1f61c,&#x1f60b

20th March 2019,&#x1f60d,&#x1f618,&#x1f60a,&#x1f60b,&#x1f4af

19th March 2019,&#x1f642,&#x1f607,&#x1f60d,&#x1f60e,&#x1f914

18th March 2019,&#x1f917,&#x1f617,&#x1f643,&#x1f602,&#x1f60d

17th March 2019,&#x1f619,&#x1f47d,&#x1f61d,&#x1f44a,&#x1f436

16th March 2019,&#x1f603,&#x1f61c,&#x1f917,&#x1f624,&#x1f631

15th March 2019,&#x1f600,&#x1f634,&#x1f981,&#x1f427,&#x1f33b

14th March 2019,&#x1f600,&#x1f642,&#x1f643,&#x1f636,&#x1f604

13th March 2019,&#x1f60a,&#x1f619,&#x1f602,&#x1f60b,&#x1f914

12th March 2019,&#x1f407,&#x1f4a9,&#x1f44a,&#x1f618,&#x1f91e

11th March 2019,&#x1f431,&#x1f3f3&#x1f308,u26e9,&#x1f3b6,&#x1f33a

10th March 2019,&#x1f60a,&#x1f60d,&#x1f60e,&#x1f911,&#x1f625

9th March 2019,&#x1f60d,&#x1f61c,&#x1f917,&#x1f60a,&#x1f607

8th March 2019,&#x1f60a,&#x1f602,&#x1f60e,&#x1f606,&#x1f60b

7th March 2019,&#x1f439,&#x1f439,&#x1f439,&#x1f439,&#x1f439

6th March 2019,&#x1f600,&#x1f607,&#x1f618,&#x1f917,&#x1f911

5th March 2019,&#x1f913,&#x1f60e,&#x1f31e,&#x1f98b,&#x1f435

4th March 2019,&#x1f914,u2744,&#x1f91e,u2600,&#x1f911

3rd March 2019,&#x1f602,&#x1f60d,&#x1f435,&#x1f913,&#x1f60e

2nd March 2019,&#x1f60d,&#x1f911,&#x1f618,&#x1f44a,&#x1f984

1st March 2019,&#x1f47b,&#x1f4a9,&#x1f60d,&#x1f428,&#x1f419

28th February 2019,&#x1f601,&#x1f617,&#x1f61a,&#x1f61e,&#x1f612

27th February 2019,&#x1f609,&#x1f60b,&#x1f607,&#x1f60d,&#x1f606

26th February 2019,&#x1f917,&#x1f607,&#x1f602,&#x1f308,&#x1f61b

25th February 2019,&#x1f60d,&#x1f618,&#x1f601,&#x1f602,&#x1f609

24th February 2019,&#x1f60d,&#x1f618,&#x1f47b,&#x1f601,&#x1f643

23rd February 2019,&#x1f419,&#x1f431,&#x1f425,&#x1f427,&#x1f412

22nd February 2019,&#x1f600,&#x1f618,&#x1f60a,&#x1f60b,&#x1f634

21st February 2019,&#x1f602,&#x1f60d,&#x1f64f,&#x1f631,u2764

20th February 2019,&#x1f60d,&#x1f498,&#x1f352,&#x1f340,&#x1f431

19th February 2019,&#x1f60d,&#x1f917,&#x1f602,&#x1f60b,&#x1f609

18th February 2019,&#x1f434,&#x1f981,&#x1f431,&#x1f43c,&#x1f444

17th February 2019,&#x1f602,&#x1f607,&#x1f643,&#x1f60d,&#x1f606

16th February 2019,&#x1f618,&#x1f602,&#x1f525,&#x1f4b0,&#x1f355

15th February 2019,&#x1f434,&#x1f60d,&#x1f61c,&#x1f914,&#x1f60e

14th February 2019,&#x1f602,&#x1f60d,&#x1f4a9,&#x1f61d,&#x1f911

13th February 2019,&#x1f602,&#x1f618,&#x1f61c,&#x1f911,&#x1f601

12th February 2019,&#x1f917,&#x1f914,&#x1f911,&#x1f601,&#x1f60a

11th February 2019,&#x1f642,&#x1f618,&#x1f44a,&#x1f64f,&#x1f632

10th February 2019,&#x1f609,&#x1f60e,&#x1f60a,&#x1f911,&#x1f914

9th February 2019,&#x1f601,&#x1f609,&#x1f619,&#x1f911,&#x1f914

8th February 2019,&#x1f60d,&#x1f618,&#x1f61c,&#x1f600,&#x1f914

7th February 2019,&#x1f917,&#x1f60a,&#x1f913,&#x1f607,&#x1f914

6th February 2019,&#x1f61c,&#x1f914,&#x1f445,&#x1f333,u270c

5th February 2019,&#x1f60d,&#x1f618,&#x1f64f,&#x1f427,&#x1f422

4th February 2019,&#x1f913,&#x1f4a9,&#x1f47d,&#x1f437,&#x1f351

3rd February 2019,&#x1f602,&#x1f60d,&#x1f436,&#x1f495,&#x1f91e

2nd February 2019,&#x1f606,&#x1f604,&#x1f603,&#x1f600,&#x1f609

1st February 2019,&#x1f607,&#x1f628,&#x1f634,&#x1f602,&#x1f609

31st January 2019,&#x1f604,&#x1f619,&#x1f60e,&#x1f914,&#x1f60b

30th January 2019,&#x1f60d,&#x1f4a9,&#x1f981,&#x1f31e,&#x1f352

29th January 2019,&#x1f917,&#x1f407,&#x1f64f,&#x1f47b,&#x1f493

28th January 2019,&#x1f618,&#x1f602,&#x1f607,&#x1f911,&#x1f61d

27th January 2019,&#x1f60d,&#x1f427,&#x1f988,&#x1f3f3&#x1f308,&#x1f60f

26th January 2019,&#x1f601,&#x1f60a,&#x1f619,&#x1f636,&#x1f600

25th January 2019,&#x1f917,&#x1f607,&#x1f60b,&#x1f60d,&#x1f606

24th January 2019,&#x1f618,&#x1f643,&#x1f917,&#x1f60a,&#x1f60b

23rd January 2019,&#x1f942,&#x1f942,&#x1f91e,&#x1f942,&#x1f942

22nd January 2019,&#x1f600,&#x1f602,&#x1f60d,&#x1f349,&#x1f984

21st January 2019,&#x1f618,&#x1f602,&#x1f609,&#x1f60b,&#x1f60d

20th January 2019,&#x1f601,&#x1f600,&#x1f606,&#x1f60b,&#x1f60e

19th January 2019,&#x1f47b,&#x1f623,&#x1f635,&#x1f618,&#x1f911

18th January 2019,&#x1f602,&#x1f917,&#x1f64f,&#x1f595,&#x1f346

17th January 2019,&#x1f47d,&#x1f4a9,&#x1f479,&#x1f47a,&#x1f31a

16th January 2019,&#x1f600,&#x1f602,&#x1f604,&#x1f61c,&#x1f60d

15th January 2019,&#x1f600,&#x1f60a,&#x1f643,&#x1f415,&#x1f60e

14th January 2019,&#x1f60d,&#x1f60e,&#x1f917,&#x1f61d,&#x1f60a

13th January 2019,&#x1f600,&#x1f607,&#x1f602,&#x1f911,&#x1f60b

12th January 2019,&#x1f917,&#x1f914,&#x1f617,&#x1f607,&#x1f60d

11th January 2019,&#x1f601,&#x1f618,&#x1f60b,&#x1f61c,&#x1f60d

10th January 2019,&#x1f60d,&#x1f602,&#x1f61c,&#x1f631,&#x1f914

9th January 2019,&#x1f31e,&#x1f61a,u2663,&#x1f605,&#x1f91e

8th January 2019,&#x1f60d,&#x1f609,&#x1f60a,&#x1f602,&#x1f606

7th January 2019,&#x1f60d,&#x1f984,&#x1f988,&#x1f435,&#x1f608

6th January 2019,&#x1f914,&#x1f64f,&#x1f437,&#x1f415,u2665

5th January 2019,&#x1f602,&#x1f603,&#x1f60a,&#x1f60d,&#x1f917

4th January 2019,&#x1f60d,&#x1f4a9,&#x1f984,&#x1f37b,&#x1f308

3rd January 2019,&#x1f5f3,u262e,&#x1f917,&#x1f49e,u2604

2nd January 2019,&#x1f608,&#x1f480,&#x1f47d,&#x1f441,&#x1f525

1st January 2019,&#x1f60e,&#x1f4a9,&#x1f648,&#x1f30d,&#x1f385

31st December 2018,&#x1f44a,&#x1f602,&#x1f648,&#x1f1ec&#x1f1e7,&#x1f919

30th December 2018,&#x1f60d,&#x1f602,&#x1f607,&#x1f618,&#x1f911

29th December 2018,&#x1f602,&#x1f60d,&#x1f607,&#x1f643,&#x1f618

28th December 2018,&#x1f60d,&#x1f911,&#x1f61c,&#x1f4a9,&#x1f445

27th December 2018,&#x1f602,&#x1f601,&#x1f609,&#x1f62f,&#x1f61c

26th December 2018,&#x1f602,&#x1f609,&#x1f607,&#x1f60b,&#x1f913

25th December 2018,&#x1f427,&#x1f43c,&#x1f60d,&#x1f60e,&#x1f631

24th December 2018,&#x1f917,&#x1f431,&#x1f340,&#x1f33b,&#x1f427

23rd December 2018,&#x1f60a,&#x1f60b,&#x1f60d,&#x1f643,&#x1f911

22nd December 2018,&#x1f602,&#x1f609,&#x1f61c,&#x1f618,&#x1f60d

21st December 2018,&#x1f441,&#x1f643,&#x1f602,&#x1f917,&#x1f389

20th December 2018,&#x1f913,&#x1f60e,&#x1f607,&#x1f60d,&#x1f61c

19th December 2018,&#x1f607,&#x1f60d,&#x1f618,&#x1f642,&#x1f602

18th December 2018,&#x1f600,&#x1f60a,&#x1f642,&#x1f61c,&#x1f60d

17th December 2018,&#x1f60e,&#x1f913,&#x1f60b,&#x1f60a,&#x1f917

16th December 2018,&#x1f60d,&#x1f61c,&#x1f984,&#x1f308,&#x1f62c

15th December 2018,&#x1f607,&#x1f60d,&#x1f60a,&#x1f61c,&#x1f911

14th December 2018,&#x1f600,&#x1f619,&#x1f917,&#x1f911,&#x1f606

13th December 2018,&#x1f60d,&#x1f602,&#x1f44a,&#x1f981,&#x1f439

12th December 2018,&#x1f61c,&#x1f60d,&#x1f625,&#x1f443,&#x1f421

11th December 2018,&#x1f605,&#x1f62c,&#x1f495,&#x1f625,&#x1f623

10th December 2018,&#x1f601,&#x1f60e,&#x1f64f,&#x1f431,&#x1f341

9th December 2018,&#x1f916,&#x1f385,&#x1f41d,&#x1f34c,&#x1f3af

8th December 2018,&#x1f606,&#x1f607,&#x1f60d,&#x1f914,&#x1f643

7th December 2018,&#x1f642,&#x1f4a9,&#x1f431,&#x1f308,u270c

6th December 2018,&#x1f609,&#x1f60b,&#x1f60d,&#x1f911,&#x1f917

5th December 2018,&#x1f60d,&#x1f911,&#x1f617,&#x1f607,&#x1f917

4th December 2018,&#x1f60d,&#x1f601,&#x1f60b,&#x1f601,&#x1f608

3rd December 2018,&#x1f60d,&#x1f917,&#x1f602,&#x1f60b,&#x1f618

2nd December 2018,&#x1f602,&#x1f618,&#x1f61c,&#x1f493,&#x1f62c

1st December 2018,&#x1f607,&#x1f917,&#x1f602,&#x1f61d,&#x1f914

30th November 2018,&#x1f607,&#x1f602,&#x1f618,&#x1f60b,&#x1f60d

29th November 2018,&#x1f601,&#x1f60a,&#x1f609,&#x1f643,&#x1f60b

28th November 2018,u2764,&#x1f498,u2764,&#x1f498,u2764

27th November 2018,&#x1f619,&#x1f602,&#x1f61c,&#x1f606,&#x1f609

26th November 2018,&#x1f911,&#x1f47d,&#x1f981,&#x1f642,&#x1f60b

25th November 2018,&#x1f4a9,&#x1f914,&#x1f60d,&#x1f607,&#x1f617

24th November 2018,&#x1f602,&#x1f60d,&#x1f61c,&#x1f617,&#x1f608

23rd November 2018,&#x1f602,&#x1f607,&#x1f61d,&#x1f60d,&#x1f913

22nd November 2018,&#x1f60e,&#x1f60b,&#x1f600,&#x1f60a,&#x1f642

21st November 2018,&#x1f911,&#x1f607,&#x1f603,&#x1f61c,&#x1f602

20th November 2018,&#x1f604,&#x1f607,&#x1f60b,&#x1f911,&#x1f60e

19th November 2018,&#x1f917,&#x1f436,&#x1f60d,&#x1f911,&#x1f914

18th November 2018,&#x1f618,&#x1f911,&#x1f608,&#x1f984,&#x1f602

17th November 2018,&#x1f60d,&#x1f618,&#x1f60b,&#x1f61d,&#x1f44a

16th November 2018,&#x1f913,&#x1f60d,&#x1f602,&#x1f914,&#x1f618

15th November 2018,&#x1f60d,&#x1f4a9,&#x1f444,&#x1f600,&#x1f61d

14th November 2018,&#x1f607,&#x1f600,&#x1f602,&#x1f643,&#x1f61c

13th November 2018,&#x1f602,&#x1f60e,&#x1f60a,&#x1f44a,&#x1f612

12th November 2018,&#x1f60e,&#x1f914,&#x1f915,&#x1f608,&#x1f47d

11th November 2018,&#x1f61c,&#x1f60d,&#x1f602,&#x1f643,&#x1f914

10th November 2018,&#x1f60d,&#x1f618,u2764,&#x1f493,&#x1f495

9th November 2018,&#x1f914,&#x1f431,&#x1f596,&#x1f409,&#x1f33b

8th November 2018,&#x1f913,&#x1f60b,&#x1f416,&#x1f4b7,&#x1f3f3&#x1f308

7th November 2018,&#x1f60a,&#x1f917,&#x1f913,&#x1f60b,&#x1f607

6th November 2018,&#x1f60a,&#x1f60d,&#x1f618,u2764,u2764

5th November 2018,&#x1f60d,&#x1f602,&#x1f60a,&#x1f61c,&#x1f60b

4th November 2018,&#x1f61b,&#x1f416,&#x1f444,&#x1f389,&#x1f353

3rd November 2018,&#x1f60b,&#x1f618,&#x1f917,&#x1f913,&#x1f60e

2nd November 2018,&#x1f60d,&#x1f60d,&#x1f60d,&#x1f61d,&#x1f61d

1st November 2018,&#x1f61d,&#x1f47d,&#x1f47b,&#x1f600,&#x1f607

31st October 2018,&#x1f602,&#x1f600,&#x1f601,&#x1f445,&#x1f604

30th October 2018,&#x1f607,&#x1f618,&#x1f917,&#x1f634,&#x1f427

29th October 2018,&#x1f917,&#x1f618,&#x1f911,&#x1f60a,&#x1f602

28th October 2018,&#x1f602,&#x1f914,&#x1f984,&#x1f62c,&#x1f62d

27th October 2018,&#x1f618,&#x1f40c,&#x1f441,&#x1f319,&#x1f47b

26th October 2018,&#x1f618,&#x1f60d,&#x1f911,&#x1f60a,&#x1f601

25th October 2018,&#x1f618,&#x1f602,&#x1f60a,&#x1f60d,&#x1f917

24th October 2018,&#x1f913,&#x1f917,&#x1f60d,&#x1f911,&#x1f60e

23rd October 2018,&#x1f60b,&#x1f913,&#x1f60a,&#x1f619,&#x1f606

22nd October 2018,&#x1f913,&#x1f913,&#x1f607,u2666,&#x1f346

21st October 2018,&#x1f602,&#x1f436,&#x1f60d,&#x1f61c,&#x1f431

20th October 2018,&#x1f914,&#x1f917,&#x1f60a,&#x1f61c,&#x1f911

19th October 2018,&#x1f606,&#x1f60e,&#x1f914,&#x1f643,&#x1f60d

18th October 2018,&#x1f600,&#x1f619,&#x1f911,&#x1f643,&#x1f609

17th October 2018,&#x1f60a,&#x1f34d,&#x1f353,&#x1f607,&#x1f341

16th October 2018,&#x1f446,&#x1f447,&#x1f44a,&#x1f595,&#x1f596

15th October 2018,&#x1f308,&#x1f610,&#x1f353,&#x1f60d,&#x1f643

14th October 2018,&#x1f606,&#x1f609,&#x1f60d,&#x1f984,&#x1f942

13th October 2018,&#x1f917,&#x1f609,&#x1f913,&#x1f60b,&#x1f604

12th October 2018,&#x1f600,&#x1f601,&#x1f438,&#x1f340,&#x1f351

11th October 2018,&#x1f60a,&#x1f607,&#x1f634,&#x1f436,&#x1f91e

10th October 2018,&#x1f602,&#x1f60d,u2665,&#x1f61b,&#x1f601

9th October 2018,&#x1f914,&#x1f61d,&#x1f60b,&#x1f602,&#x1f632

8th October 2018,&#x1f600,&#x1f604,&#x1f60b,&#x1f606,&#x1f61d

7th October 2018,&#x1f437,&#x1f4b8,&#x1f44f,&#x1f41f,&#x1f4a9

6th October 2018,&#x1f47b,&#x1f431,&#x1f46a,&#x1f30d,u26fa

5th October 2018,&#x1f602,&#x1f642,&#x1f635,&#x1f60b,&#x1f636

4th October 2018,&#x1f984,u2620,u264c,u262e,&#x1f916

3rd October 2018,&#x1f917,&#x1f60e,&#x1f62c,&#x1f611,&#x1f4a9

2nd October 2018,&#x1f914,&#x1f636,&#x1f914,&#x1f636,&#x1f914

1st October 2018,&#x1f917,&#x1f913,&#x1f60e,&#x1f61c,&#x1f60d

30th September 2018,&#x1f60a,&#x1f60d,&#x1f61d,&#x1f914,&#x1f913

29th September 2018,&#x1f61c,&#x1f47b,&#x1f634,&#x1f98a,&#x1f988

28th September 2018,&#x1f431,&#x1f405,&#x1f98b,&#x1f61a,&#x1f988

27th September 2018,&#x1f602,&#x1f601,&#x1f607,&#x1f911,&#x1f60a

26th September 2018,&#x1f61c,&#x1f4a9,&#x1f47b,&#x1f419,&#x1f984

25th September 2018,&#x1f60e,&#x1f600,&#x1f607,&#x1f60d,&#x1f618

24th September 2018,&#x1f602,&#x1f911,&#x1f61d,&#x1f60a,&#x1f47b

23rd September 2018,&#x1f602,&#x1f914,&#x1f913,&#x1f61c,&#x1f607

22nd September 2018,&#x1f60d,&#x1f911,&#x1f60e,&#x1f607,&#x1f913

21st September 2018,&#x1f607,&#x1f602,&#x1f608,&#x1f44a,&#x1f595

20th September 2018,&#x1f601,&#x1f609,&#x1f61c,&#x1f47b,&#x1f4a9

19th September 2018,&#x1f617,&#x1f643,&#x1f609,&#x1f60d,&#x1f604

18th September 2018,&#x1f354,&#x1f98b,&#x1f91e,&#x1f3f3&#x1f308,&#x1f618

17th September 2018,&#x1f60d,&#x1f61c,&#x1f618,&#x1f911,&#x1f914

16th September 2018,&#x1f914,&#x1f60d,&#x1f619,&#x1f911,&#x1f913

15th September 2018,&#x1f412,&#x1f981,&#x1f31e,&#x1f308,&#x1f407

14th September 2018,&#x1f602,&#x1f619,&#x1f60d,&#x1f917,&#x1f60e

13th September 2018,&#x1f602,&#x1f917,&#x1f913,&#x1f914,&#x1f633

12th September 2018,&#x1f618,&#x1f60a,&#x1f914,&#x1f607,&#x1f60d

11th September 2018,&#x1f917,&#x1f60d,&#x1f607,&#x1f619,&#x1f60e

10th September 2018,&#x1f595,&#x1f618,&#x1f60d,&#x1f445,&#x1f984

9th September 2018,&#x1f60d,&#x1f61c,&#x1f618,&#x1f600,&#x1f602

8th September 2018,&#x1f600,&#x1f47b,&#x1f409,&#x1f436,&#x1f341

7th September 2018,&#x1f601,&#x1f607,&#x1f60d,&#x1f917,&#x1f60e

6th September 2018,&#x1f45d,&#x1f41d,&#x1f311,&#x1f34c,&#x1f6c0

5th September 2018,&#x1f61c,&#x1f602,&#x1f60d,&#x1f911,&#x1f631

4th September 2018,&#x1f984,&#x1f917,&#x1f602,&#x1f914,&#x1f444

3rd September 2018,&#x1f600,&#x1f60a,&#x1f60d,&#x1f618,&#x1f609

2nd September 2018,u270c,u270c,u270c,&#x1f352,u2600

1st September 2018,&#x1f917,&#x1f618,&#x1f608,&#x1f61d,&#x1f607

31st August 2018,&#x1f61d,&#x1f607,&#x1f618,&#x1f911,&#x1f61c

30th August 2018,&#x1f98a,&#x1f411,&#x1f634,&#x1f60e,&#x1f431

29th August 2018,&#x1f60d,&#x1f917,&#x1f61c,&#x1f618,&#x1f431

28th August 2018,&#x1f911,&#x1f617,&#x1f61c,&#x1f917,&#x1f600

27th August 2018,&#x1f61d,&#x1f607,&#x1f61c,&#x1f60e,&#x1f617

26th August 2018,&#x1f61a,&#x1f4af,u2665,&#x1f911,&#x1f61c

25th August 2018,&#x1f911,&#x1f618,&#x1f61c,&#x1f607,&#x1f634

24th August 2018,&#x1f607,&#x1f619,&#x1f913,&#x1f60d,&#x1f600

23rd August 2018,&#x1f631,&#x1f602,&#x1f431,&#x1f98a,u2764

22nd August 2018,&#x1f914,&#x1f604,&#x1f607,&#x1f60d,&#x1f619

21st August 2018,&#x1f984,&#x1f344,&#x1f353,&#x1f349,u2764

20th August 2018,&#x1f91e,&#x1f495,&#x1f407,&#x1f412,&#x1f634

19th August 2018,&#x1f600,&#x1f913,&#x1f60b,&#x1f60e,&#x1f602

18th August 2018,&#x1f602,&#x1f917,&#x1f427,&#x1f388,&#x1f3f3&#x1f308

17th August 2018,&#x1f60d,&#x1f917,&#x1f43c,&#x1f340,u2764

16th August 2018,&#x1f434,&#x1f428,&#x1f600,&#x1f607,&#x1f31e

15th August 2018,&#x1f917,&#x1f607,&#x1f643,&#x1f618,&#x1f60e

14th August 2018,&#x1f607,&#x1f607,&#x1f618,&#x1f607,&#x1f607

13th August 2018,&#x1f60d,&#x1f60b,&#x1f602,&#x1f917,&#x1f61d

12th August 2018,&#x1f61c,&#x1f60d,&#x1f913,&#x1f911,&#x1f4a9

11th August 2018,&#x1f914,&#x1f609,&#x1f642,&#x1f619,&#x1f917

10th August 2018,&#x1f606,&#x1f602,&#x1f60d,&#x1f618,&#x1f61d

9th August 2018,&#x1f602,&#x1f60d,&#x1f911,&#x1f914,&#x1f618

8th August 2018,&#x1f617,&#x1f60a,&#x1f61c,&#x1f643,&#x1f917

7th August 2018,&#x1f61d,&#x1f607,&#x1f618,&#x1f911,&#x1f61c

6th August 2018,&#x1f914,&#x1f613,&#x1f61c,&#x1f600,&#x1f634

5th August 2018,&#x1f617,&#x1f917,&#x1f604,&#x1f609,&#x1f60c

4th August 2018,&#x1f602,&#x1f917,&#x1f60d,&#x1f61c,&#x1f913

3rd August 2018,&#x1f642,&#x1f60e,&#x1f60d,&#x1f61d,&#x1f60a

2nd August 2018,&#x1f984,&#x1f48e,&#x1f61d,&#x1f98b,&#x1f618

1st August 2018,&#x1f607,&#x1f913,&#x1f61c,&#x1f596,&#x1f308

31st July 2018,&#x1f911,&#x1f606,&#x1f914,&#x1f600,&#x1f60a

30th July 2018,&#x1f340,&#x1f61b,&#x1f942,&#x1f3f3&#x1f308,u2665

29th July 2018,&#x1f911,&#x1f602,&#x1f917,&#x1f61c,&#x1f60a

28th July 2018,&#x1f61c,&#x1f602,&#x1f618,&#x1f61d,&#x1f917

27th July 2018,&#x1f60d,&#x1f642,&#x1f609,&#x1f915,&#x1f613

26th July 2018,&#x1f634,&#x1f635,&#x1f624,&#x1f623,&#x1f47d

25th July 2018,&#x1f333,&#x1f60d,&#x1f602,&#x1f981,&#x1f444

24th July 2018,&#x1f31e,&#x1f341,&#x1f607,&#x1f308,u263a

23rd July 2018,&#x1f60d,u2728,&#x1f48d,&#x1f42f,u26bd

22nd July 2018,&#x1f618,&#x1f602,&#x1f60b,&#x1f917,u2764

21st July 2018,&#x1f618,&#x1f600,&#x1f61c,&#x1f911,&#x1f917

20th July 2018,&#x1f911,&#x1f4a9,&#x1f47b,&#x1f420,&#x1f308

19th July 2018,&#x1f618,&#x1f61c,&#x1f604,&#x1f60d,&#x1f914

18th July 2018,&#x1f600,&#x1f602,&#x1f60d,&#x1f914,&#x1f608

17th July 2018,&#x1f60d,&#x1f61a,&#x1f60b,&#x1f618,&#x1f917

16th July 2018,&#x1f64f,&#x1f427,&#x1f431,&#x1f340,&#x1f4b7

15th July 2018,&#x1f340,&#x1f431,&#x1f596,&#x1f344,&#x1f480

14th July 2018,&#x1f603,&#x1f601,&#x1f61c,&#x1f60b,&#x1f917

13th July 2018,u2764,&#x1f981,&#x1f60d,&#x1f44a,&#x1f60b

12th July 2018,&#x1f914,&#x1f917,&#x1f911,&#x1f607,&#x1f60a

11th July 2018,&#x1f602,&#x1f917,&#x1f61c,&#x1f606,&#x1f914

10th July 2018,&#x1f913,&#x1f47b,&#x1f412,&#x1f33b,&#x1f54b

9th July 2018,&#x1f602,&#x1f607,&#x1f60d,&#x1f618,u2764

8th July 2018,&#x1f602,&#x1f60e,&#x1f914,&#x1f911,&#x1f64f

7th July 2018,&#x1f608,&#x1f634,&#x1f446,&#x1f616,&#x1f632

6th July 2018,&#x1f60d,&#x1f60d,&#x1f60d,&#x1f60d,&#x1f619

5th July 2018,&#x1f60d,&#x1f44a,&#x1f431,&#x1f33b,&#x1f346

4th July 2018,&#x1f600,&#x1f602,&#x1f60e,&#x1f911,&#x1f60a

3rd July 2018,&#x1f422,&#x1f355,&#x1f60f,&#x1f369,&#x1f4b0

2nd July 2018,&#x1f61c,&#x1f913,&#x1f604,&#x1f60d,&#x1f600

1st July 2018,&#x1f3f3&#x1f308,&#x1f602,&#x1f98a,&#x1f495,&#x1f389

30th June 2018,&#x1f60a,&#x1f60d,&#x1f636,&#x1f911,&#x1f607

29th June 2018,&#x1f603,&#x1f607,&#x1f61c,&#x1f60a,&#x1f642

28th June 2018,&#x1f61c,&#x1f911,&#x1f60e,&#x1f602,&#x1f607

27th June 2018,&#x1f601,&#x1f60a,&#x1f60d,&#x1f602,&#x1f422

26th June 2018,&#x1f602,&#x1f60d,&#x1f607,&#x1f422,&#x1f353

25th June 2018,&#x1f606,&#x1f618,&#x1f61c,&#x1f607,&#x1f914

24th June 2018,&#x1f911,&#x1f914,&#x1f618,&#x1f607,&#x1f917

23rd June 2018,&#x1f602,&#x1f618,&#x1f601,&#x1f914,&#x1f61c

22nd June 2018,&#x1f917,&#x1f91e,&#x1f60e,&#x1f47d,&#x1f412

21st June 2018,&#x1f984,&#x1f604,&#x1f606,&#x1f602,&#x1f525

20th June 2018,&#x1f98b,&#x1f346,&#x1f340,&#x1f431,&#x1f4a9

19th June 2018,&#x1f914,&#x1f917,&#x1f98a,&#x1f60c,u2666

18th June 2018,&#x1f60d,&#x1f61c,&#x1f600,&#x1f917,&#x1f911

17th June 2018,&#x1f60d,&#x1f917,&#x1f618,&#x1f984,&#x1f3f3&#x1f308

16th June 2018,&#x1f600,&#x1f602,&#x1f606,&#x1f617,&#x1f914

15th June 2018,&#x1f48f,&#x1f48d,u26c4,&#x1f377,&#x1f3c9

14th June 2018,&#x1f618,&#x1f917,&#x1f409,&#x1f308,&#x1f610

13th June 2018,&#x1f607,&#x1f60a,&#x1f643,&#x1f60b,&#x1f608

12th June 2018,&#x1f98a,&#x1f416,&#x1f448,&#x1f64f,&#x1f601

11th June 2018,&#x1f914,&#x1f61c,&#x1f607,&#x1f911,&#x1f609

10th June 2018,&#x1f600,&#x1f60d,&#x1f911,&#x1f917,&#x1f60a

9th June 2018,&#x1f60d,&#x1f602,&#x1f984,&#x1f354,&#x1f91e

8th June 2018,&#x1f60a,&#x1f609,&#x1f61c,&#x1f60d,&#x1f618

7th June 2018,&#x1f60e,&#x1f608,&#x1f422,&#x1f525,&#x1f354

6th June 2018,&#x1f60a,&#x1f607,&#x1f602,&#x1f60d,&#x1f61c

5th June 2018,&#x1f600,&#x1f642,&#x1f917,&#x1f914,&#x1f60b

4th June 2018,&#x1f602,&#x1f618,&#x1f98b,&#x1f346,&#x1f351

3rd June 2018,&#x1f607,&#x1f60a,&#x1f911,&#x1f914,&#x1f602

2nd June 2018,&#x1f607,&#x1f60d,&#x1f917,&#x1f61c,&#x1f643

1st June 2018,&#x1f607,&#x1f60e,&#x1f308,&#x1f606,&#x1f352

31st May 2018,&#x1f47c,&#x1f431,&#x1f984,&#x1f638,&#x1f64f

30th May 2018,&#x1f60a,&#x1f618,&#x1f643,&#x1f914,&#x1f642

29th May 2018,&#x1f917,&#x1f60d,&#x1f607,&#x1f914,&#x1f60b

28th May 2018,&#x1f60a,&#x1f308,&#x1f436,&#x1f445,u2600

27th May 2018,&#x1f431,&#x1f427,&#x1f415,&#x1f428,&#x1f434

26th May 2018,&#x1f642,&#x1f602,&#x1f618,&#x1f643,&#x1f60e

25th May 2018,&#x1f60d,&#x1f911,&#x1f60e,&#x1f47d,&#x1f984

24th May 2018,&#x1f618,&#x1f602,&#x1f61c,&#x1f601,&#x1f606

23rd May 2018,&#x1f412,&#x1f421,&#x1f498,&#x1f61a,&#x1f608

22nd May 2018,&#x1f60e,&#x1f917,&#x1f913,&#x1f606,&#x1f911

21st May 2018,&#x1f60a,&#x1f47b,&#x1f437,&#x1f415,&#x1f495

20th May 2018,&#x1f4a9,&#x1f495,&#x1f643,&#x1f352,&#x1f60d

19th May 2018,&#x1f60d,&#x1f91e,&#x1f420,&#x1f61c,&#x1f602

18th May 2018,&#x1f60d,&#x1f433,&#x1f611,&#x1f349,&#x1f495

17th May 2018,&#x1f60d,&#x1f911,&#x1f602,&#x1f60a,&#x1f643

16th May 2018,&#x1f914,&#x1f431,&#x1f355,&#x1f98b,&#x1f339

15th May 2018,&#x1f64b,&#x1f64c,&#x1f451,&#x1f41d,&#x1f3b3

14th May 2018,&#x1f984,&#x1f618,&#x1f60d,&#x1f602,&#x1f498

13th May 2018,&#x1f600,&#x1f60a,&#x1f60d,&#x1f618,&#x1f60b

12th May 2018,&#x1f47b,&#x1f911,&#x1f61c,&#x1f624,&#x1f47d

11th May 2018,&#x1f914,&#x1f913,&#x1f636,&#x1f917,&#x1f60e

10th May 2018,&#x1f64f,&#x1f412,&#x1f984,u2764,u2764

9th May 2018,&#x1f60b,&#x1f61c,&#x1f917,&#x1f602,&#x1f642

8th May 2018,&#x1f601,&#x1f911,&#x1f64f,&#x1f596,&#x1f61b

7th May 2018,&#x1f60a,&#x1f61c,&#x1f606,&#x1f618,&#x1f91e

6th May 2018,&#x1f607,&#x1f60d,&#x1f602,&#x1f61c,&#x1f609

5th May 2018,&#x1f642,&#x1f60d,&#x1f914,&#x1f619,&#x1f61b

4th May 2018,u26f7,&#x1f37e,&#x1f42c,&#x1f308,&#x1f61c

3rd May 2018,&#x1f601,&#x1f60e,&#x1f643,&#x1f630,&#x1f616

2nd May 2018,&#x1f427,&#x1f577,u2618,&#x1f377,&#x1f3bc

1st May 2018,&#x1f602,&#x1f60d,&#x1f911,&#x1f917,&#x1f47b

30th April 2018,&#x1f602,&#x1f61c,&#x1f604,&#x1f913,&#x1f914

29th April 2018,&#x1f602,&#x1f609,&#x1f60d,&#x1f618,&#x1f60e

28th April 2018,&#x1f618,&#x1f60e,&#x1f4a9,&#x1f47b,&#x1f914

27th April 2018,&#x1f601,&#x1f60a,&#x1f60d,&#x1f61c,&#x1f917

26th April 2018,&#x1f602,&#x1f607,&#x1f61c,&#x1f616,&#x1f608

25th April 2018,&#x1f607,&#x1f618,&#x1f618,&#x1f984,&#x1f98a

24th April 2018,&#x1f4a9,&#x1f431,&#x1f431,&#x1f981,&#x1f405

23rd April 2018,&#x1f61a,&#x1f369,&#x1f340,&#x1f618,&#x1f47d

22nd April 2018,&#x1f600,&#x1f607,&#x1f636,&#x1f914,&#x1f606

21st April 2018,&#x1f914,&#x1f607,&#x1f643,&#x1f480,&#x1f47b

20th April 2018,&#x1f600,&#x1f60d,&#x1f602,&#x1f60e,&#x1f604

19th April 2018,&#x1f427,&#x1f340,&#x1f942,&#x1f613,&#x1f618

18th April 2018,&#x1f618,&#x1f642,&#x1f917,&#x1f911,&#x1f607

17th April 2018,&#x1f61b,&#x1f98b,&#x1f4af,&#x1f607,&#x1f917

16th April 2018,&#x1f643,&#x1f619,&#x1f60b,&#x1f60a,&#x1f636

15th April 2018,&#x1f600,&#x1f437,&#x1f913,&#x1f427,&#x1f431

14th April 2018,&#x1f60a,&#x1f60e,&#x1f618,&#x1f60d,&#x1f917

13th April 2018,&#x1f596,&#x1f433,&#x1f351,&#x1f44c,&#x1f4a6

12th April 2018,&#x1f913,&#x1f60e,&#x1f914,&#x1f911,&#x1f643

11th April 2018,&#x1f414,&#x1f413,&#x1f682,u263a,&#x1f411

10th April 2018,&#x1f60d,&#x1f60d,&#x1f60d,&#x1f60d,&#x1f914

9th April 2018,&#x1f60d,&#x1f47d,&#x1f431,&#x1f60a,&#x1f60e

8th April 2018,&#x1f4af,u2764,&#x1f60d,&#x1f618,&#x1f444

7th April 2018,&#x1f431,&#x1f595,&#x1f635,&#x1f448,&#x1f91e

6th April 2018,&#x1f60a,&#x1f47d,&#x1f436,&#x1f61b,&#x1f608

5th April 2018,&#x1f60d,&#x1f601,&#x1f61c,&#x1f60a,&#x1f608

4th April 2018,&#x1f61c,&#x1f60d,&#x1f60d,&#x1f602,&#x1f643

3rd April 2018,&#x1f602,&#x1f618,&#x1f49b,&#x1f468&#x1f469&#x1f467,&#x1f412

2nd April 2018,&#x1f60a,u263a,&#x1f61b,&#x1f644,&#x1f4af

1st April 2018,&#x1f602,&#x1f431,&#x1f595,&#x1f61a,&#x1f984

31st March 2018,&#x1f636,&#x1f606,&#x1f619,&#x1f607,&#x1f601

30th March 2018,&#x1f602,&#x1f61d,&#x1f606,&#x1f911,&#x1f913

29th March 2018,&#x1f434,&#x1f988,&#x1f607,&#x1f911,&#x1f425

28th March 2018,&#x1f607,&#x1f61c,&#x1f600,&#x1f60a,&#x1f913

27th March 2018,&#x1f61c,&#x1f914,&#x1f607,&#x1f602,&#x1f60d

26th March 2018,&#x1f600,&#x1f618,&#x1f642,&#x1f61c,&#x1f60e

25th March 2018,&#x1f604,&#x1f609,u263a,&#x1f605,&#x1f644

24th March 2018,&#x1f61c,&#x1f602,&#x1f60e,&#x1f60d,&#x1f60a

23rd March 2018,&#x1f606,&#x1f61c,&#x1f617,&#x1f601,&#x1f607

22nd March 2018,&#x1f617,&#x1f917,&#x1f913,&#x1f60e,&#x1f911

21st March 2018,&#x1f4af,&#x1f602,&#x1f44a,&#x1f618,&#x1f61c

20th March 2018,&#x1f917,&#x1f617,&#x1f60a,&#x1f61d,&#x1f914

19th March 2018,&#x1f600,&#x1f602,&#x1f61c,&#x1f61d,&#x1f606

18th March 2018,&#x1f60d,&#x1f618,&#x1f917,&#x1f431,u2665

17th March 2018,&#x1f602,&#x1f600,&#x1f618,&#x1f60d,&#x1f61c

16th March 2018,&#x1f636,&#x1f642,&#x1f609,&#x1f618,&#x1f601

15th March 2018,&#x1f618,&#x1f917,&#x1f624,&#x1f623,&#x1f915

14th March 2018,&#x1f60d,&#x1f61c,&#x1f60b,&#x1f602,&#x1f607

13th March 2018,&#x1f618,&#x1f61c,&#x1f60b,&#x1f603,&#x1f642

12th March 2018,&#x1f449,&#x1f914,&#x1f4b7,&#x1f4b7,&#x1f4af

11th March 2018,&#x1f601,&#x1f602,&#x1f61c,&#x1f911,&#x1f4a9

10th March 2018,&#x1f600,&#x1f642,&#x1f60a,&#x1f617,&#x1f60b

9th March 2018,&#x1f61c,&#x1f913,&#x1f60e,&#x1f60b,&#x1f91e

8th March 2018,&#x1f644,&#x1f354,&#x1f409,&#x1f606,&#x1f914

7th March 2018,&#x1f600,&#x1f98b,u2665,&#x1f91e,&#x1f91e

6th March 2018,&#x1f911,&#x1f917,&#x1f608,&#x1f447,&#x1f47d

5th March 2018,&#x1f618,&#x1f602,&#x1f61d,&#x1f914,&#x1f911

4th March 2018,&#x1f60b,&#x1f60a,&#x1f61c,&#x1f618,&#x1f60d

3rd March 2018,&#x1f60d,&#x1f618,u2665,&#x1f61c,&#x1f308

2nd March 2018,&#x1f917,&#x1f60b,&#x1f60e,&#x1f914,&#x1f60d

1st March 2018,&#x1f917,&#x1f602,&#x1f642,&#x1f643,&#x1f61c

28th February 2018,&#x1f422,&#x1f369,&#x1f47b,&#x1f60e,&#x1f437

27th February 2018,&#x1f642,&#x1f917,&#x1f914,&#x1f60e,&#x1f609

26th February 2018,&#x1f602,&#x1f914,&#x1f623,&#x1f595,&#x1f61d

25th February 2018,&#x1f604,&#x1f643,&#x1f434,&#x1f495,&#x1f942

24th February 2018,&#x1f602,&#x1f911,&#x1f618,&#x1f60a,&#x1f60d

23rd February 2018,&#x1f606,&#x1f308,&#x1f596,&#x1f431,&#x1f984

22nd February 2018,&#x1f602,&#x1f4a9,&#x1f624,&#x1f595,&#x1f41f

21st February 2018,&#x1f642,&#x1f600,&#x1f607,&#x1f618,&#x1f60e

20th February 2018,&#x1f60e,&#x1f602,&#x1f60b,&#x1f61d,&#x1f914

19th February 2018,&#x1f61d,&#x1f643,&#x1f61d,&#x1f643,&#x1f914

18th February 2018,&#x1f34b,&#x1f34e,&#x1f33d,&#x1f61b,&#x1f44c

17th February 2018,&#x1f914,&#x1f913,&#x1f911,&#x1f632,&#x1f61c

16th February 2018,&#x1f600,&#x1f606,&#x1f604,&#x1f60b,&#x1f618

15th February 2018,&#x1f60d,&#x1f607,&#x1f60a,&#x1f60b,&#x1f911

14th February 2018,&#x1f607,&#x1f602,&#x1f618,&#x1f942,&#x1f98a

13th February 2018,&#x1f607,&#x1f917,&#x1f913,&#x1f602,&#x1f61d

12th February 2018,&#x1f911,&#x1f643,&#x1f60a,&#x1f913,&#x1f60e

11th February 2018,&#x1f61c,&#x1f634,&#x1f448,&#x1f31e,&#x1f4a4

10th February 2018,&#x1f47d,&#x1f437,&#x1f435,u2764,&#x1f942

9th February 2018,&#x1f607,&#x1f60d,&#x1f642,&#x1f604,&#x1f60b

8th February 2018,&#x1f602,&#x1f3f3&#x1f308,&#x1f4b7,&#x1f618,&#x1f643

7th February 2018,&#x1f405,&#x1f3f3&#x1f308,&#x1f942,&#x1f431,&#x1f33b

6th February 2018,&#x1f60d,&#x1f427,&#x1f917,&#x1f415,&#x1f495

5th February 2018,&#x1f601,&#x1f31e,&#x1f349,&#x1f917,&#x1f60d

4th February 2018,&#x1f600,&#x1f60d,&#x1f618,&#x1f61c,&#x1f917

3rd February 2018,&#x1f60e,&#x1f609,&#x1f60a,&#x1f914,&#x1f60d

2nd February 2018,&#x1f47b,&#x1f984,&#x1f420,&#x1f60d,&#x1f61c

1st February 2018,&#x1f911,&#x1f60d,&#x1f600,&#x1f60e,&#x1f47d

31st January 2018,&#x1f604,&#x1f618,&#x1f913,&#x1f619,&#x1f60b

30th January 2018,&#x1f4a9,&#x1f44d,u270c,&#x1f32d,&#x1f443

29th January 2018,&#x1f942,&#x1f436,&#x1f913,&#x1f429,&#x1f352

28th January 2018,&#x1f61d,&#x1f601,&#x1f609,&#x1f914,&#x1f600

27th January 2018,&#x1f600,&#x1f609,&#x1f607,&#x1f61c,&#x1f917

26th January 2018,&#x1f61c,&#x1f917,&#x1f60b,&#x1f60e,&#x1f911

25th January 2018,&#x1f603,&#x1f60b,&#x1f600,&#x1f601,&#x1f917

24th January 2018,&#x1f60e,&#x1f480,&#x1f3f3&#x1f308,&#x1f340,&#x1f355

23rd January 2018,&#x1f917,&#x1f91e,&#x1f416,&#x1f630,&#x1f601

22nd January 2018,&#x1f913,&#x1f607,&#x1f914,&#x1f609,&#x1f60b

21st January 2018,&#x1f914,&#x1f917,&#x1f60d,&#x1f607,&#x1f60a

20th January 2018,&#x1f917,&#x1f427,&#x1f308,&#x1f60b,&#x1f389

19th January 2018,&#x1f602,&#x1f608,&#x1f911,&#x1f60d,&#x1f606

18th January 2018,&#x1f60e,&#x1f60d,&#x1f643,&#x1f606,&#x1f914

17th January 2018,&#x1f601,&#x1f60b,&#x1f61d,&#x1f911,&#x1f60e

16th January 2018,&#x1f917,&#x1f431,&#x1f434,&#x1f608,&#x1f64f

15th January 2018,&#x1f60a,&#x1f619,&#x1f60e,&#x1f914,&#x1f606

14th January 2018,&#x1f600,&#x1f621,&#x1f62e,&#x1f62d,&#x1f62b

13th January 2018,&#x1f911,&#x1f917,&#x1f60d,&#x1f4a9,&#x1f436

12th January 2018,&#x1f60d,&#x1f602,&#x1f61d,&#x1f608,&#x1f984

11th January 2018,&#x1f338,u2b50,&#x1f373,&#x1f440,&#x1f438

10th January 2018,&#x1f609,&#x1f643,&#x1f604,&#x1f61d,&#x1f60e

9th January 2018,&#x1f602,&#x1f60a,&#x1f60e,&#x1f607,&#x1f634

8th January 2018,&#x1f602,&#x1f60d,&#x1f436,u2600,&#x1f61b

7th January 2018,&#x1f44a,&#x1f602,&#x1f607,&#x1f618,&#x1f60d

6th January 2018,&#x1f389,&#x1f429,&#x1f436,&#x1f917,&#x1f642

5th January 2018,&#x1f600,&#x1f917,&#x1f603,&#x1f61d,&#x1f911

4th January 2018,&#x1f61c,&#x1f601,&#x1f60d,&#x1f911,&#x1f913

3rd January 2018,&#x1f98b,&#x1f98b,&#x1f98b,&#x1f91e,&#x1f4af

2nd January 2018,&#x1f419,&#x1f419,&#x1f419,&#x1f346,&#x1f419

1st January 2018,&#x1f917,&#x1f602,&#x1f631,&#x1f595,&#x1f608

31st December 2017,&#x1f60e,&#x1f600,&#x1f604,&#x1f60b,&#x1f609

30th December 2017,&#x1f601,&#x1f607,&#x1f60d,&#x1f60e,&#x1f61d

29th December 2017,&#x1f60a,&#x1f60e,&#x1f619,&#x1f607,&#x1f61c

28th December 2017,&#x1f914,&#x1f914,&#x1f636,&#x1f914,&#x1f914

27th December 2017,&#x1f619,&#x1f617,&#x1f618,&#x1f643,&#x1f61c

26th December 2017,&#x1f618,&#x1f60d,&#x1f602,&#x1f607,&#x1f60a

25th December 2017,&#x1f60d,&#x1f609,&#x1f642,&#x1f604,&#x1f617

24th December 2017,&#x1f917,&#x1f47d,&#x1f634,&#x1f4a9,&#x1f346

23rd December 2017,&#x1f911,&#x1f917,&#x1f60d,&#x1f984,&#x1f942

22nd December 2017,&#x1f60a,&#x1f61c,&#x1f602,&#x1f444,&#x1f525

21st December 2017,&#x1f427,&#x1f415,&#x1f355,&#x1f601,&#x1f917

20th December 2017,&#x1f913,&#x1f601,&#x1f47d,&#x1f632,&#x1f60c

19th December 2017,&#x1f917,&#x1f428,&#x1f340,&#x1f61a,&#x1f352

18th December 2017,&#x1f602,&#x1f60d,&#x1f618,&#x1f61c,&#x1f412

17th December 2017,&#x1f602,&#x1f917,&#x1f634,&#x1f439,&#x1f405

16th December 2017,&#x1f600,u2764,&#x1f31f,u2764,&#x1f600

15th December 2017,&#x1f98b,&#x1f308,&#x1f407,&#x1f984,&#x1f4a9

14th December 2017,&#x1f60d,&#x1f917,&#x1f602,&#x1f61c,&#x1f60e

13th December 2017,&#x1f60a,&#x1f438,&#x1f633,&#x1f914,&#x1f336

12th December 2017,&#x1f618,&#x1f607,&#x1f61d,&#x1f61c,&#x1f602

11th December 2017,&#x1f942,&#x1f35f,&#x1f405,&#x1f431,&#x1f60a

10th December 2017,&#x1f60d,&#x1f606,&#x1f913,&#x1f4a9,&#x1f608

9th December 2017,&#x1f607,&#x1f60d,&#x1f333,&#x1f431,&#x1f54a

8th December 2017,&#x1f914,&#x1f602,&#x1f618,&#x1f643,&#x1f607

7th December 2017,&#x1f911,&#x1f600,&#x1f601,&#x1f60e,&#x1f609

6th December 2017,&#x1f600,&#x1f917,&#x1f595,&#x1f623,&#x1f911

5th December 2017,&#x1f911,&#x1f47b,&#x1f47d,&#x1f623,&#x1f635

4th December 2017,&#x1f602,&#x1f600,&#x1f60d,&#x1f911,&#x1f914

3rd December 2017,&#x1f606,&#x1f60b,&#x1f60e,&#x1f607,&#x1f608

2nd December 2017,&#x1f602,&#x1f602,&#x1f602,&#x1f602,&#x1f60d

1st December 2017,&#x1f618,&#x1f61c,&#x1f60b,&#x1f617,&#x1f911

30th November 2017,&#x1f61d,&#x1f619,&#x1f642,&#x1f917,&#x1f602

29th November 2017,&#x1f917,&#x1f61d,&#x1f607,&#x1f911,&#x1f913

28th November 2017,&#x1f917,&#x1f60d,&#x1f60a,&#x1f911,&#x1f913

27th November 2017,&#x1f602,&#x1f61d,&#x1f60e,&#x1f4a9,&#x1f437

26th November 2017,&#x1f607,&#x1f601,&#x1f603,&#x1f917,&#x1f60e

25th November 2017,&#x1f600,&#x1f609,&#x1f619,&#x1f617,&#x1f604

24th November 2017,&#x1f47b,&#x1f595,&#x1f984,&#x1f609,&#x1f4af

23rd November 2017,&#x1f603,&#x1f602,&#x1f64f,&#x1f625,&#x1f607

22nd November 2017,&#x1f602,&#x1f618,&#x1f913,&#x1f437,&#x1f47b

21st November 2017,&#x1f91e,&#x1f913,&#x1f4b0,&#x1f911,&#x1f942

20th November 2017,&#x1f914,&#x1f618,&#x1f911,&#x1f913,&#x1f913

19th November 2017,&#x1f602,&#x1f914,&#x1f60e,&#x1f911,&#x1f60d

18th November 2017,&#x1f60a,&#x1f60b,&#x1f603,&#x1f601,&#x1f609

17th November 2017,&#x1f60d,&#x1f606,&#x1f607,&#x1f60a,&#x1f643

16th November 2017,&#x1f628,&#x1f411,&#x1f631,&#x1f416,&#x1f62c

15th November 2017,&#x1f98a,&#x1f389,&#x1f631,&#x1f64f,&#x1f601

14th November 2017,&#x1f619,&#x1f607,&#x1f606,&#x1f604,&#x1f61c

13th November 2017,&#x1f98b,&#x1f336,&#x1f344,&#x1f48e,&#x1f984

12th November 2017,&#x1f634,&#x1f4a4,&#x1f495,u2600,&#x1f340

11th November 2017,&#x1f617,&#x1f917,&#x1f911,&#x1f609,&#x1f914

10th November 2017,&#x1f602,&#x1f61c,&#x1f911,&#x1f618,&#x1f60d

9th November 2017,&#x1f988,u2660,&#x1f4af,&#x1f409,&#x1f480

8th November 2017,&#x1f61c,&#x1f47d,&#x1f412,u2665,&#x1f98b

7th November 2017,&#x1f61c,&#x1f600,&#x1f913,&#x1f917,&#x1f607

6th November 2017,&#x1f441,&#x1f60d,&#x1f449,&#x1f444,&#x1f47b

5th November 2017,&#x1f607,&#x1f60a,&#x1f602,&#x1f917,&#x1f624

4th November 2017,&#x1f607,&#x1f911,&#x1f609,&#x1f60e,&#x1f914

3rd November 2017,&#x1f60e,&#x1f60d,&#x1f600,&#x1f602,&#x1f609

2nd November 2017,&#x1f98b,&#x1f495,&#x1f31e,&#x1f430,&#x1f917

1st November 2017,&#x1f917,&#x1f914,&#x1f606,&#x1f60a,&#x1f619

31st October 2017,&#x1f601,&#x1f60a,&#x1f618,&#x1f61d,&#x1f636

30th October 2017,&#x1f3da,&#x1f643,&#x1f573,&#x1f441,&#x1f95a

29th October 2017,&#x1f422,&#x1f369,&#x1f942,&#x1f421,&#x1f60a

28th October 2017,&#x1f608,&#x1f340,&#x1f60d,&#x1f643,&#x1f606

27th October 2017,&#x1f602,&#x1f618,&#x1f61c,&#x1f61d,&#x1f607

26th October 2017,&#x1f913,&#x1f609,&#x1f61d,&#x1f606,&#x1f60e

25th October 2017,&#x1f60d,&#x1f917,&#x1f61c,&#x1f60a,&#x1f601

24th October 2017,&#x1f601,&#x1f619,&#x1f618,&#x1f602,&#x1f61c

23rd October 2017,&#x1f913,&#x1f61a,&#x1f605,&#x1f607,&#x1f911

22nd October 2017,&#x1f608,&#x1f64f,&#x1f480,&#x1f447,&#x1f47d

21st October 2017,&#x1f431,&#x1f352,&#x1f31c,&#x1f308,&#x1f917

20th October 2017,&#x1f942,&#x1f60d,&#x1f61c,&#x1f60e,&#x1f389

19th October 2017,&#x1f914,&#x1f917,&#x1f913,&#x1f643,&#x1f601

18th October 2017,&#x1f607,&#x1f913,&#x1f60e,&#x1f917,&#x1f602

17th October 2017,&#x1f61c,&#x1f60d,&#x1f917,&#x1f607,&#x1f914

16th October 2017,&#x1f609,&#x1f607,&#x1f60d,&#x1f61c,&#x1f917

15th October 2017,&#x1f61c,&#x1f47d,&#x1f984,&#x1f420,&#x1f349

14th October 2017,&#x1f600,&#x1f607,&#x1f60b,&#x1f61c,&#x1f61c

13th October 2017,&#x1f60d,&#x1f600,&#x1f609,&#x1f607,&#x1f913

12th October 2017,&#x1f618,&#x1f61d,&#x1f914,&#x1f431,&#x1f91e

11th October 2017,&#x1f600,&#x1f602,&#x1f601,&#x1f60a,&#x1f917

10th October 2017,&#x1f618,&#x1f602,&#x1f35f,&#x1f942,&#x1f47b

9th October 2017,&#x1f61c,&#x1f607,&#x1f603,&#x1f617,&#x1f917

8th October 2017,&#x1f340,&#x1f31e,&#x1f61c,&#x1f60b,&#x1f602

7th October 2017,&#x1f602,&#x1f602,&#x1f60d,&#x1f61c,&#x1f609

6th October 2017,&#x1f618,&#x1f61c,&#x1f601,&#x1f444,&#x1f61b

5th October 2017,&#x1f60d,&#x1f618,&#x1f602,&#x1f642,&#x1f643

4th October 2017,&#x1f911,&#x1f618,&#x1f606,&#x1f643,&#x1f60e

3rd October 2017,&#x1f910,&#x1f495,&#x1f31e,&#x1f98b,&#x1f64f

2nd October 2017,&#x1f355,&#x1f603,&#x1f416,&#x1f495,&#x1f608

1st October 2017,&#x1f618,&#x1f60e,&#x1f607,&#x1f60a,&#x1f602

30th September 2017,&#x1f601,&#x1f607,&#x1f609,&#x1f618,&#x1f61d

29th September 2017,&#x1f450,&#x1f98b,&#x1f636,&#x1f988,&#x1f46f

28th September 2017,&#x1f911,&#x1f602,&#x1f914,&#x1f917,&#x1f60b

27th September 2017,&#x1f914,&#x1f602,&#x1f618,&#x1f643,&#x1f636

26th September 2017,&#x1f60a,&#x1f60e,&#x1f431,&#x1f308,&#x1f91e

25th September 2017,&#x1f911,&#x1f917,&#x1f61c,&#x1f913,&#x1f642

24th September 2017,&#x1f911,&#x1f913,&#x1f60e,&#x1f631,&#x1f914

23rd September 2017,&#x1f607,&#x1f60d,&#x1f618,&#x1f911,&#x1f60b

22nd September 2017,&#x1f911,&#x1f4a9,&#x1f436,&#x1f31c,&#x1f44a

21st September 2017,&#x1f618,&#x1f602,&#x1f609,&#x1f60d,&#x1f418

20th September 2017,&#x1f917,&#x1f603,&#x1f617,&#x1f61c,&#x1f61c

19th September 2017,&#x1f602,&#x1f607,&#x1f60e,&#x1f643,&#x1f61c

18th September 2017,&#x1f607,&#x1f609,&#x1f61c,&#x1f911,&#x1f606

17th September 2017,&#x1f604,&#x1f60a,&#x1f618,&#x1f60e,&#x1f914

16th September 2017,&#x1f913,&#x1f618,&#x1f61d,&#x1f607,&#x1f911

15th September 2017,&#x1f913,&#x1f618,&#x1f60e,&#x1f61c,&#x1f61d

14th September 2017,&#x1f60e,&#x1f60b,&#x1f609,&#x1f619,&#x1f607

13th September 2017,&#x1f600,&#x1f602,&#x1f618,&#x1f917,&#x1f913

12th September 2017,&#x1f600,&#x1f609,&#x1f60d,&#x1f913,&#x1f617

11th September 2017,&#x1f642,&#x1f617,&#x1f913,&#x1f60e,&#x1f917

10th September 2017,&#x1f607,&#x1f61c,&#x1f602,&#x1f643,&#x1f61d

9th September 2017,&#x1f913,&#x1f60e,&#x1f60d,&#x1f618,&#x1f602

8th September 2017,&#x1f600,&#x1f642,&#x1f61c,&#x1f917,&#x1f60e

7th September 2017,&#x1f911,&#x1f913,&#x1f619,&#x1f917,&#x1f60a

6th September 2017,&#x1f607,&#x1f60e,&#x1f602,&#x1f609,&#x1f914

5th September 2017,&#x1f607,&#x1f601,&#x1f602,&#x1f60d,&#x1f911

4th September 2017,&#x1f60d,&#x1f61c,&#x1f913,&#x1f61d,&#x1f618

3rd September 2017,&#x1f601,&#x1f607,&#x1f913,&#x1f61c,&#x1f606

2nd September 2017,&#x1f911,&#x1f91e,&#x1f60b,&#x1f607,&#x1f495

1st September 2017,&#x1f914,&#x1f913,&#x1f914,&#x1f643,&#x1f609

31st August 2017,&#x1f606,&#x1f643,&#x1f619,&#x1f913,&#x1f60b

30th August 2017,&#x1f607,&#x1f415,&#x1f942,&#x1f353,&#x1f60a

29th August 2017,&#x1f61a,&#x1f493,&#x1f340,&#x1f633,&#x1f60b

28th August 2017,&#x1f600,&#x1f436,&#x1f617,&#x1f431,&#x1f61c

27th August 2017,&#x1f911,&#x1f914,&#x1f4a9,&#x1f915,&#x1f434

26th August 2017,&#x1f427,&#x1f913,&#x1f618,&#x1f431,&#x1f444

25th August 2017,&#x1f601,&#x1f603,&#x1f642,&#x1f354,&#x1f353

24th August 2017,&#x1f60d,&#x1f60e,&#x1f618,&#x1f600,&#x1f609

23rd August 2017,&#x1f911,&#x1f60e,&#x1f64f,&#x1f308,&#x1f308

22nd August 2017,&#x1f609,&#x1f6cc,u26bd,&#x1f36b,&#x1f370

21st August 2017,&#x1f60a,&#x1f47b,&#x1f984,&#x1f369,&#x1f337

20th August 2017,&#x1f61f,&#x1f613,&#x1f600,&#x1f60a,&#x1f635

19th August 2017,&#x1f917,&#x1f61c,&#x1f60d,&#x1f607,&#x1f911

18th August 2017,&#x1f60d,&#x1f607,&#x1f917,&#x1f619,&#x1f642

17th August 2017,&#x1f60d,&#x1f47b,&#x1f437,&#x1f405,&#x1f35f

16th August 2017,&#x1f633,u2764,&#x1f62c,&#x1f4a9,&#x1f61b

15th August 2017,&#x1f61c,&#x1f606,&#x1f607,&#x1f636,&#x1f600

14th August 2017,&#x1f60e,&#x1f60a,&#x1f602,&#x1f618,&#x1f913

13th August 2017,&#x1f428,&#x1f62c,&#x1f428,&#x1f601,&#x1f428

12th August 2017,&#x1f60f,&#x1f60a,&#x1f609,&#x1f596,&#x1f612

11th August 2017,&#x1f606,&#x1f60b,&#x1f917,&#x1f913,&#x1f60e

10th August 2017,&#x1f607,&#x1f618,&#x1f917,&#x1f60e,&#x1f607

9th August 2017,&#x1f602,&#x1f60b,&#x1f60e,&#x1f634,&#x1f431

8th August 2017,&#x1f600,&#x1f60b,&#x1f618,&#x1f643,&#x1f60e

7th August 2017,&#x1f60e,&#x1f602,&#x1f61c,&#x1f914,&#x1f607

6th August 2017,&#x1f60e,&#x1f64f,&#x1f436,&#x1f31e,&#x1f498

5th August 2017,&#x1f602,&#x1f61c,&#x1f60d,&#x1f600,&#x1f60a

4th August 2017,&#x1f602,&#x1f618,&#x1f911,&#x1f61d,&#x1f643

3rd August 2017,&#x1f60d,&#x1f617,&#x1f642,&#x1f602,&#x1f609

2nd August 2017,&#x1f438,&#x1f411,&#x1f355,u2665,&#x1f60f

1st August 2017,&#x1f60d,&#x1f911,&#x1f60e,&#x1f607,&#x1f602

31st July 2017,&#x1f914,&#x1f60b,&#x1f913,&#x1f607,&#x1f60a

30th July 2017,&#x1f914,&#x1f618,&#x1f913,&#x1f60b,&#x1f607

29th July 2017,&#x1f642,&#x1f913,&#x1f914,&#x1f602,&#x1f60e

28th July 2017,&#x1f60d,&#x1f60e,&#x1f602,&#x1f61c,&#x1f618

27th July 2017,&#x1f600,&#x1f602,&#x1f60a,&#x1f61c,&#x1f60b

26th July 2017,&#x1f618,&#x1f602,&#x1f61c,&#x1f60d,&#x1f643

25th July 2017,&#x1f913,&#x1f61c,&#x1f60d,&#x1f911,&#x1f914

24th July 2017,&#x1f608,&#x1f607,&#x1f608,&#x1f448,&#x1f47b

23rd July 2017,&#x1f618,&#x1f60d,&#x1f60e,&#x1f984,&#x1f415

22nd July 2017,&#x1f61c,&#x1f436,&#x1f495,&#x1f47f,&#x1f60d

21st July 2017,&#x1f4af,&#x1f355,&#x1f4b0,&#x1f421,&#x1f441

20th July 2017,&#x1f602,&#x1f4a9,&#x1f389,&#x1f612,&#x1f436

19th July 2017,&#x1f632,&#x1f984,&#x1f354,&#x1f612,&#x1f495

18th July 2017,&#x1f609,&#x1f601,&#x1f619,&#x1f61c,&#x1f60e

17th July 2017,&#x1f60e,&#x1f634,&#x1f435,&#x1f420,&#x1f355

16th July 2017,&#x1f60d,&#x1f61d,&#x1f60b,&#x1f61c,&#x1f618

15th July 2017,&#x1f60a,&#x1f60e,&#x1f61d,&#x1f911,&#x1f914

14th July 2017,&#x1f61c,&#x1f61d,&#x1f602,&#x1f911,&#x1f60b

13th July 2017,&#x1f942,&#x1f416,&#x1f31e,&#x1f352,&#x1f420

12th July 2017,&#x1f60d,&#x1f917,&#x1f618,&#x1f61d,&#x1f911

11th July 2017,&#x1f607,&#x1f61c,&#x1f60d,&#x1f917,&#x1f60e

10th July 2017,&#x1f600,&#x1f604,&#x1f601,&#x1f609,&#x1f607

9th July 2017,&#x1f60d,&#x1f911,&#x1f917,&#x1f643,&#x1f603

8th July 2017,&#x1f602,&#x1f606,&#x1f618,&#x1f60d,&#x1f609

7th July 2017,&#x1f415,&#x1f913,&#x1f308,&#x1f4b0,&#x1f911

6th July 2017,&#x1f60e,&#x1f60b,&#x1f602,&#x1f60d,&#x1f917

5th July 2017,&#x1f913,&#x1f914,&#x1f911,&#x1f643,&#x1f606

4th July 2017,&#x1f60d,&#x1f602,&#x1f607,&#x1f911,&#x1f609

3rd July 2017,&#x1f31e,&#x1f384,&#x1f379,&#x1f602,&#x1f340

2nd July 2017,&#x1f61c,&#x1f450,&#x1f431,&#x1f54a,&#x1f493

1st July 2017,&#x1f91e,&#x1f427,&#x1f608,&#x1f421,&#x1f61d

30th June 2017,&#x1f60b,&#x1f60d,&#x1f60a,&#x1f601,&#x1f60e

29th June 2017,&#x1f607,&#x1f60d,&#x1f618,&#x1f602,&#x1f61d

28th June 2017,u2665,&#x1f33b,&#x1f415,&#x1f427,&#x1f984

27th June 2017,u262f,&#x1f5d3,&#x1f3a1,&#x1f3ba,&#x1f378

26th June 2017,&#x1f602,&#x1f607,&#x1f60d,&#x1f911,&#x1f608

25th June 2017,&#x1f495,&#x1f429,&#x1f984,&#x1f3f5,&#x1f397

24th June 2017,&#x1f602,&#x1f60d,&#x1f618,&#x1f911,&#x1f913

23rd June 2017,&#x1f60d,&#x1f911,&#x1f60d,&#x1f911,&#x1f607

22nd June 2017,&#x1f60e,&#x1f606,&#x1f600,&#x1f601,&#x1f602

21st June 2017,&#x1f60d,&#x1f917,&#x1f624,&#x1f437,&#x1f419

20th June 2017,&#x1f911,&#x1f60d,&#x1f47d,&#x1f435,&#x1f433

19th June 2017,&#x1f917,&#x1f643,&#x1f604,&#x1f61d,&#x1f60b

18th June 2017,&#x1f60d,&#x1f60e,&#x1f415,&#x1f911,&#x1f4b0

17th June 2017,&#x1f600,&#x1f609,&#x1f60a,&#x1f914,&#x1f618

16th June 2017,&#x1f602,&#x1f619,&#x1f618,&#x1f60b,&#x1f606

15th June 2017,&#x1f600,&#x1f609,&#x1f603,&#x1f602,&#x1f606

14th June 2017,&#x1f60d,&#x1f607,&#x1f917,&#x1f618,&#x1f60a

13th June 2017,&#x1f4af,&#x1f389,&#x1f33b,&#x1f444,&#x1f64f

12th June 2017,&#x1f60d,&#x1f618,&#x1f602,&#x1f609,&#x1f917

11th June 2017,&#x1f480,&#x1f47d,&#x1f419,&#x1f433,&#x1f336

10th June 2017,&#x1f607,&#x1f618,&#x1f911,&#x1f914,&#x1f60e

9th June 2017,&#x1f602,&#x1f60d,&#x1f60e,&#x1f47b,u2665

8th June 2017,&#x1f60e,&#x1f431,u2764,&#x1f3b1,&#x1f3b9

7th June 2017,&#x1f602,&#x1f61c,&#x1f606,&#x1f60e,&#x1f60d

6th June 2017,&#x1f60a,&#x1f609,&#x1f60d,&#x1f911,&#x1f914

5th June 2017,&#x1f607,&#x1f60a,&#x1f603,&#x1f911,&#x1f60e

4th June 2017,&#x1f60d,&#x1f984,&#x1f619,&#x1f984,&#x1f643

3rd June 2017,&#x1f607,&#x1f618,&#x1f913,&#x1f917,&#x1f914

2nd June 2017,&#x1f60d,&#x1f607,u2665,&#x1f61c,&#x1f913

1st June 2017,&#x1f618,&#x1f917,&#x1f602,&#x1f911,&#x1f607

31st May 2017,&#x1f60a,&#x1f60d,&#x1f913,&#x1f427,&#x1f405

30th May 2017,&#x1f98a,u2665,&#x1f405,&#x1f425,&#x1f628

29th May 2017,&#x1f917,&#x1f47b,&#x1f60a,&#x1f405,&#x1f618

28th May 2017,&#x1f60d,&#x1f618,&#x1f602,&#x1f61c,&#x1f496

27th May 2017,&#x1f643,&#x1f618,&#x1f60e,&#x1f603,&#x1f607

26th May 2017,&#x1f602,&#x1f60d,&#x1f60b,&#x1f606,&#x1f609

25th May 2017,&#x1f431,&#x1f602,&#x1f436,&#x1f600,&#x1f61c

24th May 2017,&#x1f917,&#x1f60a,&#x1f60d,&#x1f618,&#x1f602

23rd May 2017,&#x1f602,&#x1f60d,&#x1f618,&#x1f61c,&#x1f436

22nd May 2017,&#x1f607,&#x1f60d,&#x1f911,&#x1f60e,&#x1f606

21st May 2017,&#x1f601,&#x1f607,&#x1f60a,&#x1f617,&#x1f914

20th May 2017,&#x1f601,&#x1f619,&#x1f60b,&#x1f601,&#x1f602

19th May 2017,&#x1f607,&#x1f60d,&#x1f60a,&#x1f61d,&#x1f913

18th May 2017,&#x1f4a9,&#x1f60d,&#x1f602,&#x1f604,&#x1f618

17th May 2017,&#x1f618,&#x1f60d,&#x1f436,&#x1f415,&#x1f495

16th May 2017,&#x1f602,&#x1f617,&#x1f642,&#x1f643,&#x1f914

15th May 2017,&#x1f600,&#x1f643,&#x1f60e,&#x1f60d,&#x1f602

14th May 2017,&#x1f416,&#x1f400,&#x1f367,&#x1f4a9,&#x1f428

13th May 2017,&#x1f60a,&#x1f60d,&#x1f607,&#x1f643,&#x1f917

12th May 2017,&#x1f60d,&#x1f609,&#x1f913,&#x1f602,&#x1f61c

11th May 2017,&#x1f917,&#x1f47b,&#x1f412,&#x1f984,&#x1f344

10th May 2017,&#x1f911,&#x1f618,&#x1f60a,&#x1f98b,&#x1f606

9th May 2017,&#x1f600,&#x1f606,&#x1f917,&#x1f60e,&#x1f913

8th May 2017,&#x1f60e,&#x1f635,&#x1f412,u2600,&#x1f48e

7th May 2017,&#x1f600,&#x1f636,&#x1f60d,&#x1f642,&#x1f618

6th May 2017,&#x1f636,&#x1f64f,&#x1f425,&#x1f437,&#x1f416

5th May 2017,&#x1f60e,&#x1f609,&#x1f618,&#x1f911,&#x1f625

4th May 2017,&#x1f60b,&#x1f609,&#x1f60d,&#x1f917,&#x1f618

3rd May 2017,&#x1f607,&#x1f911,&#x1f914,&#x1f917,&#x1f60d

2nd May 2017,&#x1f60d,&#x1f602,&#x1f60e,&#x1f60d,&#x1f602

1st May 2017,&#x1f63b,&#x1f491,&#x1f46a,&#x1f31d,u263a

30th April 2017,&#x1f917,&#x1f913,&#x1f60d,&#x1f618,&#x1f61d

29th April 2017,&#x1f602,&#x1f60d,&#x1f984,&#x1f4a9,&#x1f618

28th April 2017,&#x1f914,&#x1f602,&#x1f913,&#x1f60b,&#x1f61c

28th April 2017,&#x1f60d,&#x1f60a,&#x1f642,&#x1f60a,&#x1f60d

28th April 2017,&#x1f60d,&#x1f917,&#x1f607,&#x1f913,&#x1f60d

28th April 2017,&#x1f60d,&#x1f618,&#x1f60e,&#x1f431,&#x1f596

28th April 2017,&#x1f412,&#x1f405,&#x1f61b,&#x1f422,&#x1f984

27th April 2017,&#x1f607,&#x1f60d,&#x1f618,&#x1f60b,&#x1f60e

26th April 2017,&#x1f618,&#x1f60a,&#x1f602,&#x1f601,&#x1f911

25th April 2017,&#x1f60a,&#x1f61c,&#x1f61d,&#x1f60e,&#x1f913

24th April 2017,&#x1f603,&#x1f602,&#x1f606,&#x1f606,&#x1f913

23rd April 2017,&#x1f60a,&#x1f603,&#x1f606,&#x1f601,&#x1f600

22nd April 2017,&#x1f911,&#x1f47b,&#x1f427,&#x1f355,&#x1f91e

21st April 2017,&#x1f4a9,&#x1f911,&#x1f346,&#x1f351,&#x1f602

20th April 2017,&#x1f609,&#x1f60d,&#x1f618,&#x1f911,&#x1f60e

19th April 2017,&#x1f917,&#x1f618,&#x1f911,&#x1f60e,&#x1f609

18th April 2017,&#x1f913,&#x1f603,&#x1f60d,&#x1f911,&#x1f600

17th April 2017,&#x1f4af,&#x1f425,&#x1f441,&#x1f336,&#x1f988

16th April 2017,&#x1f62c,&#x1f644,&#x1f605,&#x1f62c,&#x1f91e

15th April 2017,&#x1f917,&#x1f913,&#x1f617,&#x1f60e,&#x1f61c

14th April 2017,&#x1f60d,&#x1f60e,&#x1f602,&#x1f60e,&#x1f60d

13th April 2017,&#x1f607,&#x1f619,&#x1f917,&#x1f47b,&#x1f421

12th April 2017,&#x1f60d,&#x1f913,&#x1f607,&#x1f600,&#x1f618

11th April 2017,&#x1f602,&#x1f60a,&#x1f618,&#x1f917,&#x1f631

10th April 2017,&#x1f917,&#x1f60a,&#x1f911,&#x1f60b,&#x1f607

9th April 2017,&#x1f917,&#x1f618,&#x1f60a,&#x1f4b7,&#x1f4b0

8th April 2017,&#x1f618,&#x1f480,&#x1f43c,&#x1f409,&#x1f355

7th April 2017,&#x1f602,&#x1f618,&#x1f60a,&#x1f61c,&#x1f911

6th April 2017,&#x1f600,&#x1f911,&#x1f4a9,u2744,u2665

5th April 2017,&#x1f91e,&#x1f340,&#x1f981,&#x1f352,&#x1f441

4th April 2017,&#x1f340,&#x1f407,&#x1f441,&#x1f631,&#x1f31e

3rd April 2017,&#x1f914,&#x1f602,&#x1f642,&#x1f60d,&#x1f618

2nd April 2017,&#x1f636,&#x1f642,&#x1f60a,&#x1f61a,&#x1f623

1st April 2017,&#x1f642,&#x1f600,&#x1f911,&#x1f602,&#x1f60d

31st March 2017,&#x1f602,&#x1f618,&#x1f607,&#x1f914,&#x1f61d

30th March 2017,&#x1f643,&#x1f60b,&#x1f917,&#x1f47b,&#x1f4a9

29th March 2017,&#x1f607,&#x1f60d,&#x1f618,&#x1f917,&#x1f643

28th March 2017,&#x1f618,&#x1f60d,&#x1f602,&#x1f601,&#x1f914

27th March 2017,&#x1f600,&#x1f602,&#x1f618,&#x1f607,&#x1f917

26th March 2017,&#x1f618,&#x1f61c,&#x1f60d,&#x1f634,&#x1f643

25th March 2017,&#x1f47b,&#x1f441,&#x1f4a9,&#x1f344,&#x1f942

24th March 2017,&#x1f60d,&#x1f606,&#x1f602,&#x1f914,&#x1f911

23rd March 2017,&#x1f607,&#x1f60a,&#x1f619,&#x1f917,&#x1f60d

22nd March 2017,&#x1f618,&#x1f60b,&#x1f60a,&#x1f914,&#x1f61c

21st March 2017,&#x1f602,&#x1f60a,&#x1f431,u2764,&#x1f60d

20th March 2017,&#x1f602,&#x1f61c,&#x1f61d,&#x1f913,&#x1f60a

19th March 2017,&#x1f600,&#x1f60a,&#x1f618,&#x1f917,&#x1f421

18th March 2017,&#x1f618,&#x1f416,&#x1f418,&#x1f388,&#x1f60a

17th March 2017,&#x1f600,&#x1f602,&#x1f60e,&#x1f607,&#x1f917

16th March 2017,&#x1f602,&#x1f618,&#x1f31e,&#x1f913,&#x1f437

15th March 2017,&#x1f447,&#x1f643,&#x1f437,&#x1f608,&#x1f911

14th March 2017,&#x1f412,&#x1f434,&#x1f308,&#x1f428,&#x1f608

13th March 2017,&#x1f61c,&#x1f60d,&#x1f618,&#x1f618,&#x1f917

12th March 2017,&#x1f64f,&#x1f634,&#x1f624,&#x1f480,&#x1f47b

11th March 2017,&#x1f600,&#x1f602,&#x1f618,&#x1f60a,&#x1f61c

10th March 2017,&#x1f913,&#x1f618,&#x1f917,&#x1f61c,&#x1f911

9th March 2017,&#x1f607,&#x1f60d,&#x1f607,&#x1f618,&#x1f60d

8th March 2017,&#x1f914,&#x1f917,&#x1f61c,&#x1f602,&#x1f607

7th March 2017,&#x1f600,&#x1f61c,&#x1f600,&#x1f61c,&#x1f600

6th March 2017,&#x1f602,&#x1f44a,&#x1f911,&#x1f914,&#x1f60a

5th March 2017,&#x1f61a,u2665,&#x1f44f,&#x1f44d,&#x1f4af

4th March 2017,&#x1f602,&#x1f618,&#x1f607,&#x1f61c,&#x1f601

3rd March 2017,&#x1f4af,u2660,u2663,u2665,&#x1f3f3&#x1f308

2nd March 2017,&#x1f419,&#x1f917,&#x1f47b,&#x1f61c,&#x1f98b

1st March 2017,&#x1f618,&#x1f431,u2764,&#x1f600,&#x1f389

28th February 2017,&#x1f981,&#x1f444,&#x1f438,&#x1f435,&#x1f449

27th February 2017,&#x1f602,&#x1f618,&#x1f61c,&#x1f914,&#x1f64f

26th February 2017,&#x1f60d,&#x1f607,&#x1f61c,&#x1f913,&#x1f60e

25th February 2017,&#x1f60d,&#x1f602,&#x1f60d,&#x1f911,&#x1f60d

24th February 2017,&#x1f60e,&#x1f913,&#x1f61c,&#x1f913,&#x1f60e

23rd February 2017,&#x1f608,&#x1f47d,&#x1f984,&#x1f495,&#x1f98b

22nd February 2017,&#x1f60d,&#x1f609,&#x1f607,&#x1f60a,&#x1f60e

21st February 2017,&#x1f430,&#x1f984,&#x1f308,&#x1f47c,u264a

20th February 2017,&#x1f602,&#x1f607,&#x1f60d,&#x1f643,&#x1f606

19th February 2017,&#x1f60d,&#x1f449,&#x1f444,&#x1f445,&#x1f435

18th February 2017,&#x1f60e,&#x1f61c,&#x1f60d,&#x1f60e,&#x1f913

17th February 2017,&#x1f60e,&#x1f911,&#x1f618,&#x1f60d,&#x1f617

16th February 2017,&#x1f911,&#x1f601,&#x1f602,&#x1f61c,&#x1f618

15th February 2017,&#x1f606,&#x1f480,&#x1f441,&#x1f48e,&#x1f91e

14th February 2017,&#x1f98a,&#x1f389,&#x1f340,&#x1f431,&#x1f438

13th February 2017,&#x1f913,&#x1f60d,&#x1f642,&#x1f607,&#x1f60b

12th February 2017,&#x1f60d,&#x1f618,&#x1f602,&#x1f61d,&#x1f60b

11th February 2017,&#x1f607,&#x1f4a9,&#x1f308,&#x1f490,&#x1f31f

10th February 2017,&#x1f917,&#x1f618,&#x1f607,&#x1f642,&#x1f603

9th February 2017,&#x1f914,&#x1f914,&#x1f61d,&#x1f60d,&#x1f607

8th February 2017,&#x1f917,&#x1f608,&#x1f631,&#x1f595,&#x1f4b0

7th February 2017,&#x1f431,&#x1f441,&#x1f340,&#x1f98b,&#x1f426

6th February 2017,&#x1f607,&#x1f911,&#x1f917,&#x1f60a,&#x1f913

5th February 2017,&#x1f914,&#x1f602,&#x1f911,&#x1f606,&#x1f60e

4th February 2017,&#x1f61c,&#x1f60d,&#x1f602,&#x1f91e,&#x1f4a9

3rd February 2017,&#x1f602,&#x1f618,&#x1f913,&#x1f618,&#x1f602

2nd February 2017,&#x1f60a,u2764,&#x1f911,&#x1f389,&#x1f917

1st February 2017,&#x1f60d,&#x1f61c,&#x1f913,&#x1f608,&#x1f981

31st January 2017,&#x1f914,&#x1f917,&#x1f61c,&#x1f60b,&#x1f607

30th January 2017,&#x1f61c,&#x1f602,&#x1f603,&#x1f913,&#x1f60d

29th January 2017,&#x1f600,&#x1f60b,&#x1f911,&#x1f618,&#x1f60a

28th January 2017,&#x1f911,&#x1f913,&#x1f60e,&#x1f631,&#x1f914

27th January 2017,&#x1f60e,&#x1f988,&#x1f308,&#x1f525,&#x1f412

26th January 2017,&#x1f60d,&#x1f60b,&#x1f64f,&#x1f419,&#x1f340

25th January 2017,&#x1f917,&#x1f618,&#x1f425,&#x1f618,&#x1f633

24th January 2017,&#x1f60e,&#x1f61c,&#x1f631,&#x1f608,&#x1f595

23rd January 2017,&#x1f60d,&#x1f917,&#x1f913,&#x1f914,&#x1f618

22nd January 2017,&#x1f602,&#x1f911,&#x1f606,&#x1f911,&#x1f61d

21st January 2017,&#x1f60d,&#x1f600,&#x1f609,&#x1f602,&#x1f618

20th January 2017,&#x1f618,&#x1f60e,&#x1f984,&#x1f412,&#x1f37b

19th January 2017,&#x1f609,&#x1f60a,&#x1f917,&#x1f61c,&#x1f606

18th January 2017,&#x1f47d,&#x1f602,&#x1f981,u2600,&#x1f48e

17th January 2017,&#x1f600,&#x1f601,&#x1f60d,&#x1f602,&#x1f914

16th January 2017,&#x1f606,&#x1f643,&#x1f618,&#x1f911,&#x1f61c

15th January 2017,&#x1f441,&#x1f431,&#x1f981,&#x1f493,&#x1f601

14th January 2017,&#x1f602,&#x1f60d,&#x1f60b,&#x1f608,&#x1f435

13th January 2017,&#x1f602,&#x1f4a9,u2764,&#x1f377,&#x1f44d

12th January 2017,&#x1f98a,&#x1f600,&#x1f60e,&#x1f984,u2764

11th January 2017,&#x1f412,&#x1f607,&#x1f60d,&#x1f60e,&#x1f911

10th January 2017,&#x1f61d,&#x1f917,&#x1f60e,&#x1f911,&#x1f409

9th January 2017,&#x1f914,&#x1f4a9,&#x1f408,&#x1f37a,&#x1f601

8th January 2017,&#x1f914,&#x1f913,&#x1f60e,&#x1f644,&#x1f637

7th January 2017,&#x1f428,&#x1f607,&#x1f31c,&#x1f389,&#x1f98b

6th January 2017,&#x1f60a,&#x1f607,&#x1f911,&#x1f607,&#x1f60a

5th January 2017,&#x1f913,&#x1f914,&#x1f609,&#x1f60e,&#x1f917

4th January 2017,&#x1f623,&#x1f633,&#x1f449,&#x1f600,&#x1f603

3rd January 2017,&#x1f609,&#x1f61d,&#x1f913,&#x1f914,&#x1f603

2nd January 2017,&#x1f602,&#x1f917,&#x1f913,&#x1f914,&#x1f633

1st January 2017,&#x1f60e,&#x1f47b,&#x1f431,&#x1f427,&#x1f405

31st December 2016,&#x1f913,&#x1f984,&#x1f61c,&#x1f47b,&#x1f4a9

30th December 2016,&#x1f60e,&#x1f984,u2600,&#x1f48e,&#x1f308

29th December 2016,&#x1f607,&#x1f60a,&#x1f60d,&#x1f60e,&#x1f609

28th December 2016,&#x1f4a9,&#x1f60a,&#x1f618,&#x1f60d,&#x1f911

27th December 2016,&#x1f914,&#x1f617,&#x1f607,&#x1f60d,&#x1f911

26th December 2016,&#x1f60d,&#x1f602,&#x1f911,&#x1f984,&#x1f354

25th December 2016,&#x1f635,&#x1f608,&#x1f631,&#x1f4a9,&#x1f64f

24th December 2016,&#x1f914,&#x1f419,&#x1f369,&#x1f4a9,&#x1f447

23rd December 2016,&#x1f60d,&#x1f60a,&#x1f618,&#x1f61c,&#x1f917

22nd December 2016,&#x1f60b,&#x1f436,&#x1f60e,&#x1f434,&#x1f596

21st December 2016,&#x1f601,&#x1f642,&#x1f61c,&#x1f619,&#x1f911

20th December 2016,&#x1f602,&#x1f60e,&#x1f61b,&#x1f405,&#x1f4a9

19th December 2016,&#x1f601,&#x1f60d,&#x1f618,&#x1f60e,&#x1f913

18th December 2016,&#x1f606,&#x1f61c,&#x1f609,&#x1f60d,&#x1f917

17th December 2016,&#x1f602,&#x1f355,u2665,&#x1f91e,&#x1f60d

16th December 2016,&#x1f44a,&#x1f446,&#x1f596,&#x1f525,&#x1f4a8

15th December 2016,&#x1f602,&#x1f981,&#x1f336,&#x1f47b,&#x1f601

14th December 2016,&#x1f600,&#x1f60e,&#x1f44a,&#x1f31e,&#x1f415

13th December 2016,&#x1f4af,&#x1f3f3&#x1f308,&#x1f412,&#x1f595,&#x1f4b7

12th December 2016,&#x1f405,&#x1f618,&#x1f942,&#x1f61b,&#x1f4b0

11th December 2016,&#x1f433,&#x1f43c,&#x1f355,&#x1f30d,&#x1f60d

10th December 2016,&#x1f60a,&#x1f917,&#x1f60d,&#x1f642,&#x1f643

9th December 2016,&#x1f917,&#x1f425,&#x1f61b,&#x1f98b,&#x1f4af

8th December 2016,&#x1f355,&#x1f34d,&#x1f405,&#x1f981,&#x1f914

7th December 2016,&#x1f61e,&#x1f3cd,&#x1f4de,&#x1f1ec&#x1f1e7,u270d

6th December 2016,&#x1f602,&#x1f601,&#x1f60d,&#x1f60a,&#x1f61a

5th December 2016,&#x1f600,&#x1f60e,&#x1f61c,&#x1f911,&#x1f60b

4th December 2016,&#x1f913,&#x1f914,&#x1f632,&#x1f378,&#x1f3d6

3rd December 2016,&#x1f64f,&#x1f984,&#x1f431,&#x1f33b,&#x1f308

2nd December 2016,&#x1f60d,&#x1f607,&#x1f911,&#x1f913,&#x1f914

1st December 2016,&#x1f917,&#x1f60e,&#x1f602,&#x1f60d,&#x1f607

30th November 2016,&#x1f618,&#x1f435,u2665,&#x1f353,u2600

29th November 2016,&#x1f914,&#x1f60a,&#x1f601,&#x1f60e,&#x1f602

28th November 2016,&#x1f4a9,&#x1f427,&#x1f369,&#x1f433,&#x1f595

27th November 2016,&#x1f607,&#x1f913,&#x1f61c,&#x1f913,&#x1f607

26th November 2016,&#x1f436,&#x1f602,&#x1f60d,&#x1f917,&#x1f31c

25th November 2016,&#x1f603,&#x1f609,&#x1f60e,&#x1f607,&#x1f917

24th November 2016,&#x1f917,&#x1f914,&#x1f607,&#x1f60e,&#x1f913

23rd November 2016,&#x1f914,&#x1f98a,&#x1f401,&#x1f415,&#x1f419

22nd November 2016,&#x1f602,&#x1f915,&#x1f44a,&#x1f308,&#x1f435

21st November 2016,&#x1f603,&#x1f4a9,&#x1f47b,&#x1f446,&#x1f631

20th November 2016,&#x1f415,&#x1f609,&#x1f498,&#x1f431,&#x1f429

19th November 2016,&#x1f60e,&#x1f450,&#x1f438,u2764,&#x1f47d

18th November 2016,u2600,&#x1f431,&#x1f61c,&#x1f914,&#x1f600

17th November 2016,&#x1f607,&#x1f404,&#x1f917,&#x1f415,&#x1f602

16th November 2016,u26c4,u2603,&#x1f385,u2603,u26c4

15th November 2016,&#x1f602,&#x1f602,&#x1f601,&#x1f600,&#x1f60d

14th November 2016,&#x1f917,&#x1f602,&#x1f415,&#x1f60b,&#x1f607

13th November 2016,&#x1f595,&#x1f3f3&#x1f308,&#x1f4a9,&#x1f602,&#x1f61d

12th November 2016,&#x1f607,&#x1f619,&#x1f917,&#x1f47b,&#x1f421

11th November 2016,&#x1f911,&#x1f607,&#x1f602,&#x1f61c,&#x1f60e

10th November 2016,&#x1f917,&#x1f607,&#x1f60d,&#x1f600,&#x1f913

9th November 2016,&#x1f98b,&#x1f60d,&#x1f917,&#x1f308,&#x1f984

8th November 2016,&#x1f60d,&#x1f607,&#x1f609,&#x1f61c,&#x1f61d

7th November 2016,&#x1f602,&#x1f61d,&#x1f60e,&#x1f60d,&#x1f914

6th November 2016,&#x1f914,&#x1f60e,&#x1f643,&#x1f60d,&#x1f618

5th November 2016,&#x1f914,&#x1f917,&#x1f444,&#x1f525,&#x1f942

4th November 2016,&#x1f602,&#x1f915,&#x1f47d,&#x1f31e,&#x1f98a

3rd November 2016,&#x1f636,&#x1f914,&#x1f601,&#x1f604,&#x1f913

2nd November 2016,&#x1f609,&#x1f913,&#x1f642,&#x1f60a,&#x1f61c

1st November 2016,&#x1f618,&#x1f917,&#x1f984,&#x1f91e,&#x1f634

31st October 2016,&#x1f61d,&#x1f603,&#x1f47b,&#x1f31e,u2764

30th October 2016,&#x1f911,&#x1f602,&#x1f914,&#x1f913,&#x1f643

29th October 2016,&#x1f601,&#x1f914,&#x1f602,u2600,&#x1f942

28th October 2016,&#x1f60d,&#x1f44d,&#x1f602,&#x1f648,&#x1f389

27th October 2016,&#x1f606,&#x1f60b,&#x1f61d,&#x1f917,&#x1f636

26th October 2016,&#x1f431,&#x1f438,&#x1f426,&#x1f439,&#x1f981

25th October 2016,&#x1f435,&#x1f618,&#x1f602,&#x1f914,&#x1f60e

24th October 2016,&#x1f3c3&#x1f3fb,&#x1f3c3&#x1f3fc,&#x1f3c3&#x1f3fd,&#x1f3c3&#x1f3fe,&#x1f3c3&#x1f3ff

23rd October 2016,&#x1f3b8,&#x1f337,&#x1f98b,&#x1f41f,&#x1f3b1

22nd October 2016,&#x1f984,&#x1f431,&#x1f618,&#x1f643,&#x1f419

21st October 2016,&#x1f618,&#x1f602,&#x1f61c,&#x1f605,&#x1f346

20th October 2016,&#x1f61c,&#x1f618,&#x1f60d,&#x1f62c,&#x1f644

19th October 2016,&#x1f60e,&#x1f911,&#x1f607,&#x1f354,&#x1f420

18th October 2016,&#x1f645,&#x1f576,&#x1f649,&#x1f953,&#x1f943

17th October 2016,&#x1f917,&#x1f913,&#x1f603,&#x1f914,&#x1f607

16th October 2016,&#x1f602,&#x1f47d,&#x1f355,&#x1f351,&#x1f389

15th October 2016,&#x1f913,&#x1f60e,&#x1f913,&#x1f60e,&#x1f913

14th October 2016,&#x1f914,&#x1f917,&#x1f618,&#x1f60e,&#x1f60a

13th October 2016,&#x1f60d,&#x1f608,&#x1f984,&#x1f525,&#x1f354

12th October 2016,&#x1f942,&#x1f31e,&#x1f607,&#x1f44a,&#x1f426

11th October 2016,&#x1f602,&#x1f618,&#x1f60e,&#x1f4a9,&#x1f984

10th October 2016,&#x1f634,&#x1f595,&#x1f409,&#x1f4b7,&#x1f98b

9th October 2016,&#x1f3c9,&#x1f480,&#x1f3d5,&#x1f3cf,&#x1f3b8

8th October 2016,&#x1f914,&#x1f609,&#x1f601,&#x1f602,&#x1f60d

7th October 2016,&#x1f608,&#x1f635,&#x1f631,&#x1f425,&#x1f644

6th October 2016,&#x1f30d,&#x1f917,&#x1f324,&#x1f602,&#x1f5dd

5th October 2016,&#x1f60d,&#x1f618,&#x1f917,&#x1f60a,&#x1f623

4th October 2016,&#x1f60e,&#x1f915,&#x1f596,&#x1f431,&#x1f336

3rd October 2016,&#x1f913,&#x1f98b,&#x1f354,&#x1f35f,&#x1f333

2nd October 2016,&#x1f308,&#x1f60b,&#x1f415,&#x1f913,u2600

1st October 2016,&#x1f630,&#x1f438,&#x1f34d,&#x1f61f,&#x1f349

30th September 2016,&#x1f600,&#x1f60d,&#x1f61c,&#x1f60e,&#x1f60a

29th September 2016,&#x1f636,&#x1f47b,&#x1f438,&#x1f35f,&#x1f405

28th September 2016,&#x1f602,&#x1f47d,&#x1f412,u26bd,&#x1f4be

27th September 2016,u2764,&#x1f61b,&#x1f336,&#x1f445,&#x1f60d

26th September 2016,&#x1f61d,&#x1f618,&#x1f435,&#x1f427,&#x1f349

25th September 2016,&#x1f43c,&#x1f428,&#x1f981,&#x1f427,&#x1f418

24th September 2016,&#x1f429,&#x1f427,&#x1f429,&#x1f433,&#x1f429

23rd September 2016,&#x1f643,&#x1f642,&#x1f60e,&#x1f642,&#x1f643

22nd September 2016,&#x1f602,&#x1f349,&#x1f914,&#x1f61a,&#x1f643

21st September 2016,&#x1f914,&#x1f915,&#x1f437,&#x1f415,&#x1f493

20th September 2016,&#x1f607,&#x1f60d,&#x1f618,&#x1f631,&#x1f64f

19th September 2016,&#x1f401,&#x1f33b,&#x1f353,&#x1f34d,&#x1f438

18th September 2016,&#x1f602,&#x1f642,&#x1f619,&#x1f61d,&#x1f60e

17th September 2016,&#x1f600,&#x1f609,&#x1f60d,&#x1f911,&#x1f913

16th September 2016,&#x1f608,&#x1f981,&#x1f409,&#x1f525,&#x1f98a

15th September 2016,&#x1f411,&#x1f60d,&#x1f60d,&#x1f60d,&#x1f60d

14th September 2016,&#x1f917,&#x1f416,&#x1f984,&#x1f411,&#x1f434

13th September 2016,&#x1f917,&#x1f60d,&#x1f643,&#x1f600,&#x1f607

12th September 2016,&#x1f401,&#x1f353,&#x1f602,&#x1f60d,&#x1f430

11th September 2016,&#x1f346,&#x1f351,&#x1f420,&#x1f988,&#x1f60f

10th September 2016,&#x1f602,&#x1f917,&#x1f44a,&#x1f525,&#x1f389

9th September 2016,&#x1f607,&#x1f60a,&#x1f917,&#x1f609,&#x1f643

8th September 2016,u263a,&#x1f91e,&#x1f4b0,&#x1f60d,&#x1f60a

7th September 2016,&#x1f607,&#x1f60a,&#x1f602,&#x1f607,&#x1f618

6th September 2016,&#x1f431,&#x1f353,&#x1f495,&#x1f61d,&#x1f643

5th September 2016,&#x1f951,&#x1f1ec&#x1f1e7,&#x1f4c6,&#x1f41e,&#x1f468&#x1f469&#x1f467&#x1f467

4th September 2016,&#x1f609,&#x1f601,&#x1f602,&#x1f604,&#x1f606

3rd September 2016,&#x1f606,&#x1f911,&#x1f913,&#x1f914,&#x1f60e

2nd September 2016,&#x1f61c,&#x1f60e,&#x1f60b,&#x1f642,&#x1f914

1st September 2016,&#x1f98a,&#x1f416,&#x1f43c,&#x1f441,&#x1f608

31st August 2016,&#x1f43c,&#x1f354,&#x1f525,&#x1f916,&#x1f385

30th August 2016,&#x1f917,&#x1f984,&#x1f98a,&#x1f421,&#x1f618

29th August 2016,u2600,&#x1f60d,&#x1f427,&#x1f353,&#x1f914

28th August 2016,&#x1f438,&#x1f577,&#x1f951,&#x1f3f3&#x1f308,u264d

27th August 2016,&#x1f981,&#x1f3f5,&#x1f940,&#x1f37b,&#x1f31f

26th August 2016,&#x1f308,&#x1f31e,&#x1f433,&#x1f64f,&#x1f984

25th August 2016,&#x1f602,&#x1f607,&#x1f60e,&#x1f618,&#x1f609

24th August 2016,&#x1f347,&#x1f36b,&#x1f352,&#x1f34d,&#x1f353

23rd August 2016,&#x1f60d,&#x1f602,&#x1f914,&#x1f911,&#x1f618

22nd August 2016,&#x1f602,&#x1f618,&#x1f915,&#x1f607,&#x1f606

21st August 2016,&#x1f607,&#x1f602,&#x1f98a,&#x1f495,&#x1f344

20th August 2016,&#x1f602,&#x1f607,&#x1f913,&#x1f914,&#x1f618

19th August 2016,&#x1f601,&#x1f642,&#x1f61c,&#x1f913,&#x1f917

18th August 2016,&#x1f60d,&#x1f618,&#x1f61d,&#x1f643,&#x1f607

17th August 2016,&#x1f914,&#x1f913,&#x1f606,&#x1f60b,&#x1f643

16th August 2016,&#x1f917,&#x1f917,&#x1f425,&#x1f426,&#x1f98a

15th August 2016,&#x1f61d,&#x1f911,&#x1f917,&#x1f913,&#x1f607

14th August 2016,&#x1f602,&#x1f607,&#x1f913,&#x1f917,&#x1f609

13th August 2016,&#x1f942,&#x1f333,&#x1f351,&#x1f363,&#x1f917

12th August 2016,&#x1f911,&#x1f618,&#x1f60d,&#x1f61d,&#x1f60b

11th August 2016,&#x1f913,&#x1f60d,&#x1f416,&#x1f369,&#x1f493

10th August 2016,&#x1f60e,&#x1f609,&#x1f619,&#x1f617,&#x1f914

